用户昵称,url_token,主页链接,累计真实攻击言论数,是否多帖持续恶意黑号,涉及核心指控维度,核心攻击言论原句记录
楠楠,jian-dan-xiao-yu-21,https://www.zhihu.com/people/jian-dan-xiao-yu-21,26,⚠️ 是 (核心攻击者),骗子/洗脑/割韭菜控诉、新教育误人子弟/毁孩子控诉,"[评论区(楼中楼)] 肯定不同啊 
公立学校招聘也有门槛 
有教育局各部门来出力
难道这些人都是不干活的吗
私立学校 国际学校里面发花钱招的都是傻子吗
还有国家拨款
别的不说
张清一 || [评论区(楼中楼)] 然后呢 捡钱而已 教育就是教育人捡钱么 
投资就是比实业更高贵么 || [评论区(楼中楼)] 然后张清一养道了么？
满口不负责任的话
但是撇清责任的时候干干净净
也就是说 他会诱导你 蛊惑你 利用你的信任
但是会加一句 你自己负责 
🤷‍♀️
手上可是干 || [评论区(楼中楼)] 所以不好就是没吸收 反正你总是有理的 || [评论区(楼中楼)] 鸦片还止痛呢"
香雪莲,chu-xue-hou-sheng,https://www.zhihu.com/people/chu-xue-hou-sheng,6,⚠️ 是 (核心攻击者),骗子/洗脑/割韭菜控诉,[评论区(主评)] 您可能还沉浸在自我陶醉之中，我朋友孩子也在里面学习，其实除了他说的体能和英语外，基本没啥可吹嘘的。说句实话我孩子也一直学英语，他引以为自豪的英语根本就好不了我孩 || [评论区(主评)] 最可悲的就是自己被骗子卖了了，还帮助骗子数钱。 || [评论区(楼中楼)] 也许，他们自己都还蒙在鼓里，他们的初心并不是帮骗子骗人，而是被洗脑后的自发行为，就像邪教全能神信徒。只要还在他们还沉浸在那个抱团取暖，相互麻醉的氛围里，在清一山 || [评论区(楼中楼)] 我同事的小孩就是这个学校的，体能好像有提升，但是综合能力一塌糊涂，并不是清一吹嘘的那样，一个品学兼优的孩子就这么废了。所谓经得起检验，那可能是你我的标准不同，也 || [评论区(楼中楼)] 那是，我看见同事的孩子都是如此心情，更别说是自己家的孩子了。同事两口子都是非常好的人，如今家庭面临崩溃，其中最大的原因就是这个孩子错入清一的教育骗局。从当初的信
守望者,zhivh8zilf,https://www.zhihu.com/people/zhivh8zilf,4,⚠️ 是 (核心攻击者),骗子/洗脑/割韭菜控诉,"[专栏文章] 在清一新教育的话语体系里，被称作“公主”的女孩从小被圈养在外，不断灌输扭曲认知，她们会慢慢发现自己其实拥有两位父亲：
一位是血缘伦理上的生父，另一位则是作为精神 || [专栏文章] 纵观清一新教育多年的灰色运营，其所有伪装、套路与壁垒，看似体系庞大、层层闭环，实则唯一且最大的软肋，就是创始人张某本人。这个违规教育组织能长期隐秘存活、持续收割 || [评论区(主评)] 一模一样的收割套路，清一的社会负面影响远远大于如是书院 || [专栏文章] 对这个毫无廉耻的组织，口舌争辩难以撼动这套封闭洗脑体系，和它长久博弈，依靠的从来不是空谈道理，而是严明的法律准绳。
该组织借教育外衣非法办学、精神操控、大肆敛财"
箴茅,50-36-55-23-76,https://www.zhihu.com/people/50-36-55-23-76,3,⚠️ 是 (核心攻击者),骗子/洗脑/割韭菜控诉、假武术/无实战能力质疑,"[专栏文章] 答主：在教育圈踩过坑的人
谢邀，懒得展开，直接说透。
很多人分不清“清一新教育”和“如是书院”，其实很简单：前者是“高端出海版传销”，后者是“本土封闭版传销”。 || [专栏文章] 在知乎搜""张清一""，画风很迷：一边是家长跪谢""教育界的袁隆平""，一边是脱粉帖细数今日学堂怎么把娃教到自考兜底。 把山长博客和知乎转帖摊开一看，这位武大哲学硕士、 || [回答正文] 答主：在教育圈踩过坑的人
谢邀，懒得展开，直接说透。
很多人分不清“清一新教育”和“如是书院”，其实很简单：前者是“高端出海版传销”，后者是“本土封闭版传销”。"
雨花台,zhou-dong-55-62,https://www.zhihu.com/people/zhou-dong-55-62,3,⚠️ 是 (核心攻击者),骗子/洗脑/割韭菜控诉,[评论区(楼中楼)] 不是那些参加财富课的人都说赚嗨了吗？ || [评论区(楼中楼)] 原来你也认识她 || [评论区(楼中楼)] 他们永远是对的~~哈哈哈
没事儿闲逛逛,qie-ting-feng-yin-31-40-36,https://www.zhihu.com/people/qie-ting-feng-yin-31-40-36,3,⚠️ 是 (核心攻击者),骗子/洗脑/割韭菜控诉,"[评论区(楼中楼)] 弟子们众星捧月，我身边有个沉迷于此不能自拔，十头牛都拉不回来，走不一样的路，有着自己的说辞。
主打的放下所有，降低欲望。
但是命好，没办法啊。 || [评论区(楼中楼)] 你没看人家这个14岁就比清华的牛逼，[语塞][飙泪笑] || [评论区(楼中楼)] 正文“机缘巧合下”很奇怪啊！天下哪有这么多缘，即使有那也是“元”"
山长 <em>清一</em>,shan-chang-qing-yi,https://www.zhihu.com/people/shan-chang-qing-yi,2,⚠️ 是 (核心攻击者),骗子/洗脑/割韭菜控诉,[专栏文章] 今日三语冠军二班发布的视频，介绍了闭关3个月学习日语带来的学习效果：有超过10%的学生从零起步，达到了最高级的N1水平。其他大多数学生都达到了N2水平，最差的也 || [专栏文章] 我建议大家好好看看一个国家地理的纪录片 功夫，有三集，第一集最好，开门八极，看到一家人，三代都在认真守护着他们的传统武术，令人尊重。我们其实也在思考这个问题--
行云流水,97-69-19-5,https://www.zhihu.com/people/97-69-19-5,2,⚠️ 是 (核心攻击者),骗子/洗脑/割韭菜控诉,[评论区(楼中楼)] 这个和有钱没钱关系不大，是认知问题，常识和规则了解的越多，就必然远离清一邪教，凡是为孩子选择清一路线的家长，妄心太大，知识结构严重失衡，导致判断力严重错位。 || [评论区(主评)] 用法律制裁邪教教育，法办张健柏
FAFN,fafa-54-68-60,https://www.zhihu.com/people/fafa-54-68-60,2,⚠️ 是 (核心攻击者),骗子/洗脑/割韭菜控诉,"[评论区(楼中楼)] 脏山长说啥，需要服务于他的目的：想挑拨清粉，就林妹妹上身委屈状，胁迫“捆绑”清粉写“买家秀”小文章时，就说前一句“投入教育不为赚钱”！
忽悠善良的清粉做炮灰时， || [评论区(主评)] 如夫妻之间对于送孩子入读清一教育的非法学校这件事情上出现意见不统一，一方不同意另一方把“夫妻共同财产”作为学费交给伪清一新教育“基金会”这种让教主赚不到便宜的事"
AndyEnder,andyender,https://www.zhihu.com/people/andyender,2,⚠️ 是 (核心攻击者),骗子/洗脑/割韭菜控诉,[评论区(楼中楼)] 所有教育形式都有抑郁的[尴尬] || [评论区(楼中楼)] 饭都不会做，还当啥人呐[白眼]。如果想让人提高生产效率，你应该让他去学技术
自知者明,ren-zai-lu-tu-46-66,https://www.zhihu.com/people/ren-zai-lu-tu-46-66,2,⚠️ 是 (核心攻击者),骗子/洗脑/割韭菜控诉,[评论区(楼中楼)] 忽悠 || [评论区(楼中楼)] 如何了现在
海 CHike,23-58-54-11,https://www.zhihu.com/people/23-58-54-11,2,⚠️ 是 (核心攻击者),骗子/洗脑/割韭菜控诉,[评论区(主评)] 我是今日学堂西语班的学生，我真心的建议您，新教育不是什么好地方 || [评论区(楼中楼)] 服了我真的
心悦诚服,16-4-75-36-33,https://www.zhihu.com/people/16-4-75-36-33,2,⚠️ 是 (核心攻击者),骗子/洗脑/割韭菜控诉,[评论区(楼中楼)] 所说英语也只是听说是不完整学习，没有写。 || [评论区(楼中楼)] 光有理念，不落地。孩子大的家长内心会非常焦虑。
好吧,yang-guang-32-19-17,https://www.zhihu.com/people/yang-guang-32-19-17,2,⚠️ 是 (核心攻击者),骗子/洗脑/割韭菜控诉,[评论区(主评)] 清一圈子里面，除了清一山长算成功的，还有谁成功了，有谁做出什么杰出的成就？ || [评论区(楼中楼)] 你说的应该是wxy吧，从法院出来辞职办学堂，跟着山长炒股，应该是亏的一塌糊涂，好好的工作也丢了[doge]
心兰如慧,beauty-wish,https://www.zhihu.com/people/beauty-wish,2,⚠️ 是 (核心攻击者),骗子/洗脑/割韭菜控诉,[评论区(楼中楼)] 我觉得我这没参加的都受益啦！这参加了也不能保证立马成仙，必经修之于身还是要有过程的 || [评论区(楼中楼)] 如医生开药，你不按方子抓药，说医生水平太有限
玉米,86-81-58-53-17,https://www.zhihu.com/people/86-81-58-53-17,2,⚠️ 是 (核心攻击者),骗子/洗脑/割韭菜控诉,"[评论区(楼中楼)] 那这个孩子可能是自己不想提升
跟新教育无关 || [评论区(楼中楼)] 这才是真正的新教育
我就是新教育的学生
希望你的孩子越来越好"
英俊叔,ying-jun-shu-80,https://www.zhihu.com/people/ying-jun-shu-80,1,否 (单次发帖),骗子/洗脑/割韭菜控诉,[评论区(主评)] 骗子李清一又来忽悠了
不见子都,peng-bao-sheng-a,https://www.zhihu.com/people/peng-bao-sheng-a,1,否 (单次发帖),骗子/洗脑/割韭菜控诉,[评论区(楼中楼)] 看了这文章，感觉跟传销洗脑差不多，最无语的就是加大运动量然后又吃素食，还就一个清蒸素菜，主食为主，运动完本就应该多补充蛋白质，他这光补充碳水化合物了，难怪那么多
chedaka,zhou-jian-fu,https://www.zhihu.com/people/zhou-jian-fu,1,否 (单次发帖),骗子/洗脑/割韭菜控诉,[评论区(主评)] 您这属实被坑的有点惨，我算是07-08年接触过一段世界，那是他还叫张健柏，也主要听他讲道德经，偶尔练练拳。后来和这个群里还保留着若有若无的接触。不过，当张健柏爆
德鲁伊,deluyi-6-91-4,https://www.zhihu.com/people/deluyi-6-91-4,1,否 (单次发帖),骗子/洗脑/割韭菜控诉,[回答正文] 知乎上这个叫“清一新教育”的，二十年了被官方不断取缔，现在跑到了境外老挝，继续干起来非法办学和玄学诈骗的勾当！
冯敬东,feng-jing-dong-39,https://www.zhihu.com/people/feng-jing-dong-39,1,否 (单次发帖),骗子/洗脑/割韭菜控诉,"[专栏文章] 我们都想活的明白一点，任何好书都是让人更明白的。好电影同样。
十年前，刚刚股市投资挣了些钱，研究股市股票累了以后，为了调剂学习，换一下脑子。
也是由于独立投资，"
心教育,chen-miao-fen-59-54,https://www.zhihu.com/people/chen-miao-fen-59-54,1,否 (单次发帖),骗子/洗脑/割韭菜控诉,"[专栏文章] 作者：今日学堂 宋晓莉（宋明觉）老师
时间：丙申2016年12月16日
本文为转载，接下来两天更一回
我为什么17年来，一直跟随张老师？
17年来，我的身份不断"
罗红梅,xi-yun-91-1,https://www.zhihu.com/people/xi-yun-91-1,1,否 (单次发帖),骗子/洗脑/割韭菜控诉,[评论区(主评)] 亲，原来我曾经的分享像是被洗脑的样子，哈哈。。那我以后尽量像个正常人去分享[大笑]
爱丽丝泡泡,zhou-ying-82-53,https://www.zhihu.com/people/zhou-ying-82-53,1,否 (单次发帖),骗子/洗脑/割韭菜控诉,[评论区(楼中楼)] 以前被忽悠得他说啥都对…现在可知道了，得长800个心眼子看他的东西
覺清,jue-qing-27-81,https://www.zhihu.com/people/jue-qing-27-81,1,否 (单次发帖),骗子/洗脑/割韭菜控诉,"[评论区(主评)] #挪用和贪污善款#山长是不可能做这样的事情的，相信清黑乱说的这些话，不是傻子就是骗子。
这种自尊尊人的人不会傻到干这种事情[大笑]打新这种博傻的游戏山长都不参与"
涤尘,charlychy,https://www.zhihu.com/people/charlychy,1,否 (单次发帖),骗子/洗脑/割韭菜控诉,[专栏文章] 前几天，太太将两个新教育圈投资人分享的心得转给我，希望我在投资上好好学习，不断精进。言外之意，你看他们短短十年不到都是几十倍，百倍甚至万倍的收益，你这都好几年了
宋传军,yu-shi-ju-jin-38-37,https://www.zhihu.com/people/yu-shi-ju-jin-38-37,1,否 (单次发帖),骗子/洗脑/割韭菜控诉,"[专栏文章] 五年时间验证“骗子”
       2012年的时候，为了给孩子最好的教育，我到处寻找教育“秘方”。看到很多教育专家的理论都觉得很有道理，什么“爱与自由”、什么"
紫陌红尘,72-48-82-10,https://www.zhihu.com/people/72-48-82-10,1,否 (单次发帖),骗子/洗脑/割韭菜控诉,[评论区(主评)] 我不是清黑，孩子也没上过新教育，只是身边很多家长经历了新教育，现在孩子无路可走，才逐渐看清这是一个骗局，只是想提醒各位家长，不要拿孩子的前途去赌，骗局都是一环扣
小知求学,he-zhen-77-79,https://www.zhihu.com/people/he-zhen-77-79,1,否 (单次发帖),骗子/洗脑/割韭菜控诉,[评论区(楼中楼)] 你这个只是听说，清一真是个懂教育懂投资的怪才，很少人能望其背。
Yeonjun,xiao-mi-zi-10-84,https://www.zhihu.com/people/xiao-mi-zi-10-84,1,否 (单次发帖),骗子/洗脑/割韭菜控诉,[评论区(楼中楼)] 同意，刚出来，被搞走的
azqz,azqz,https://www.zhihu.com/people/azqz,1,否 (单次发帖),骗子/洗脑/割韭菜控诉,[评论区(楼中楼)] 张健柏树立的典型很多都不成功，吹过了。
缘来,23-72-20-62,https://www.zhihu.com/people/23-72-20-62,1,否 (单次发帖),骗子/洗脑/割韭菜控诉,[评论区(楼中楼)] 人活着，无财不足以养道！😁🙏
白冰,wan-ke-89,https://www.zhihu.com/people/wan-ke-89,1,否 (单次发帖),骗子/洗脑/割韭菜控诉,[评论区(主评)] 醉了，你们孩子都不要正经学历了？读这玩意儿？
宁静,5-81-82-2,https://www.zhihu.com/people/5-81-82-2,1,否 (单次发帖),骗子/洗脑/割韭菜控诉,[评论区(主评)] 他们的英语成绩也很差，这么多年今日本部只有3个人sat考到1400多，都是他们自吹自擂英语有多好的。他们还只学英语一个学科，每天学很多小时，都只有这点成绩。完全
聪明的笨笨,cong-ming-de-ben-ben-47,https://www.zhihu.com/people/cong-ming-de-ben-ben-47,1,否 (单次发帖),骗子/洗脑/割韭菜控诉,[评论区(楼中楼)] 人家受益也是真实的，我们全家也很受益
所谓高人皆为凡人,charly-53-8,https://www.zhihu.com/people/charly-53-8,1,否 (单次发帖),骗子/洗脑/割韭菜控诉,[评论区(楼中楼)] 说得很棒，科技、服务和生活确实主打一个蹭，不躬身入局；赚钱主打一个在金融市场躺赚（山长自己的说法），至于钱是从培训课赚的还是股市赚的，靠猜。
九尾小七,94-30-61-28,https://www.zhihu.com/people/94-30-61-28,1,否 (单次发帖),骗子/洗脑/割韭菜控诉,[评论区(楼中楼)] 最可恨的是还帮着骗子骗别人！
刘晓红,she-de-wu-wei-zhou,https://www.zhihu.com/people/she-de-wu-wei-zhou,1,否 (单次发帖),骗子/洗脑/割韭菜控诉,[评论区(主评)] 我朋友家孩子也学习两年时间了，无论是体能、心性还是学习能力都获得了巨大突破！结果最经得起检验！
恋恋,lian-lian-43-53,https://www.zhihu.com/people/lian-lian-43-53,1,否 (单次发帖),骗子/洗脑/割韭菜控诉,[评论区(楼中楼)] 我家也有两孩子废了，心痛
彷徨,pang-huang-31,https://www.zhihu.com/people/pang-huang-31,1,否 (单次发帖),骗子/洗脑/割韭菜控诉,[评论区(楼中楼)] 大哥现在你们的孩子怎样了？回学校上学了嘛？
lingling,lingling-88-43,https://www.zhihu.com/people/lingling-88-43,1,否 (单次发帖),骗子/洗脑/割韭菜控诉,[评论区(主评)] 我孩子在2020/9月通过夏令营进入新教育，9岁的一位小男孩由92斤变到72斤，由原来没有目标，依赖父母，胆小，自理能力弱，自控能力弱，变为目标感强，自控能力强
宋兵乙,song-bing-yi-63,https://www.zhihu.com/people/song-bing-yi-63,1,否 (单次发帖),骗子/洗脑/割韭菜控诉,[评论区(楼中楼)] 不会说话就别说
浮萍,hu-zhi-xiong-29,https://www.zhihu.com/people/hu-zhi-xiong-29,1,否 (单次发帖),骗子/洗脑/割韭菜控诉,[评论区(楼中楼)] 别人说的好像也没错
不明真相的群众,bu-ming-zhen-xiang-de-qun-zhong-53,https://www.zhihu.com/people/bu-ming-zhen-xiang-de-qun-zhong-53,1,否 (单次发帖),骗子/洗脑/割韭菜控诉,[评论区(楼中楼)] 你家的活法伤害到一些人了。[大笑]
朵朵,duo-duo-52-41-84,https://www.zhihu.com/people/duo-duo-52-41-84,1,否 (单次发帖),骗子/洗脑/割韭菜控诉,[评论区(楼中楼)] 对于孩子以后没有学籍，在社会怎样立足， 你想过吗？我也是想让孩子走新教育这条路，目前最担心的就是孩子以后没有学籍，踏入社会后的路有些担心。
文成武德张,93-55-89-13,https://www.zhihu.com/people/93-55-89-13,1,否 (单次发帖),骗子/洗脑/割韭菜控诉,[评论区(楼中楼)] 娃今年应该14岁，现在怎样了？再过4年18岁准备怎么办？
茅箴,mao-zhen-21,https://www.zhihu.com/people/mao-zhen-21,1,否 (单次发帖),骗子/洗脑/割韭菜控诉,[评论区(主评)] 骗子们早就不知什么廉耻了，要不上课问“什么是良知”[捂嘴]。骗子就一个想法，不管儿童死活，就是掏空你的口袋。
来时路,v4m5qh,https://www.zhihu.com/people/v4m5qh,1,否 (单次发帖),骗子/洗脑/割韭菜控诉,[评论区(楼中楼)] 违背法律的“良知”还能叫良知？
稀有人类,xi-you-ren-lei-21,https://www.zhihu.com/people/xi-you-ren-lei-21,1,否 (单次发帖),骗子/洗脑/割韭菜控诉,[评论区(主评)] 搞洗脑骗钱，然后跑路海外[飙泪笑]
