序号,来源形式,父级标题/问题,原帖/回答URL,言论发布者,作者UID/Token,作者主页,发布时间,点赞数,风险级别,负面分类,核心实锤摘要/引证,完整言论原文,AI人工审核结论,审核判定理由,精准分类
9,评论区(主评),"当亿万企业家走进
清一武道馆
（1）",https://zhuanlan.zhihu.com/p/354387957,英俊叔,ying-jun-shu-80,https://www.zhihu.com/people/ying-jun-shu-80,2021-03-04 19:30:19,0,HIGH,骗子/圈钱/洗脑/割韭菜/套路,清一武道馆 （1）】的评论 骗子李清一又来忽悠了 | （1）】的评论 骗子李清一又来忽悠了,骗子李清一又来忽悠了,🔴 确凿真实黑帖/负面攻击,明确针对清一/新教育发表负面攻击或投诉: 清一武道馆 （1）】的评论 骗子李清一又来忽悠了 | （1）】的评论 骗子,骗子/洗脑/割韭菜控诉
10,评论区(楼中楼),"当亿万企业家走进
清一武道馆
（1）",https://zhuanlan.zhihu.com/p/354387957,不见子都,peng-bao-sheng-a,https://www.zhihu.com/people/peng-bao-sheng-a,2021-03-05 00:25:05,0,HIGH,假武术/无实战能力/花架子、骗子/圈钱/洗脑/割韭菜/套路,合物了，难怪那么多武术练习者一上擂台都是些软脚虾，还营养健康学呢[ | 的评论 看了这文章，感觉跟传销洗脑差不多，最无语的就是加大运动量 | ）】的评论 看了这文章，感觉跟传销洗脑差不多，最无语的就是加大运,看了这文章，感觉跟传销洗脑差不多，最无语的就是加大运动量然后又吃素食，还就一个清蒸素菜，主食为主，运动完本就应该多补充蛋白质，他这光补充碳水化合物了，难怪那么多武术练习者一上擂台都是些软脚虾，还营养健康学呢[捂脸]估计初中生物课都没及格,🔴 确凿真实黑帖/负面攻击,明确针对清一/新教育发表负面攻击或投诉: 命中清一负面关联,骗子/洗脑/割韭菜控诉
19,专栏文章,"清一新教育
｜每位清一公主的内心深处都存在着两个“父亲”",https://zhuanlan.zhihu.com/p/2074853535364260037,守望者,zhivh8zilf,https://www.zhihu.com/people/zhivh8zilf,,19,HIGH,假武术/无实战能力/花架子、骗子/圈钱/洗脑/割韭菜/套路,缘亲情被不断弱化、消解。教主被神化为精神上的至高父亲，接管孩子的 | 孩子成长的亲人。但在这套话术的洗脑之下，血缘亲情被不断弱化、消解,"在清一新教育的话语体系里，被称作“公主”的女孩从小被圈养在外，不断灌输扭曲认知，她们会慢慢发现自己其实拥有两位父亲：
一位是血缘伦理上的生父，另一位则是作为精神之父的教主
。这从前天晚上爆出的那位“公主”的发文中不难看出，继血缘父亲的诉求之后，她还需要继续迎合那位精神之父的诉求。
血缘父亲给予生命，本应是亲情陪伴、守护孩子成长的亲人。但在这套话术的洗脑之下，血缘亲情被不断弱化、消解。教主被神化为精神上的至高父亲，接管孩子的思想判断，成为精神世界的绝对权威。
长此以往，孩子对原生家庭的依恋被剥离，思想依附于外部权威。血缘亲情被精神崇拜所替代，这是一种精神层面的异化。孩子慢慢丧失独立思考能力，把人生价值、是非判断全部交托给他人。
这种人为制造的精神父子关系，割裂正常家庭伦理，本质是精神控制的手段，对未成年人的人格成长造成深重伤害。",🔴 确凿真实黑帖/负面攻击,明确针对清一/新教育发表负面攻击或投诉: 命中清一负面关联,骗子/洗脑/割韭菜控诉
20,专栏文章,"清一新教育
｜这个非法组织的最大软肋就是张某本人",https://zhuanlan.zhihu.com/p/2071680588105490846,守望者,zhivh8zilf,https://www.zhihu.com/people/zhivh8zilf,,24,HIGH,骗子/圈钱/洗脑/割韭菜/套路、新教育争议/误人子弟/毁孩子/伪国学,背后的违规办学、灰色收益、精神洗脑等真相将彻底曝光。 清一新教育 | 育多年的灰色运营，其所有伪装、套路与壁垒，看似体系庞大、层层闭环 | 育法规、精神管控未成年人、高额敛财、扭曲价值观等诸多问题，每一项,"纵观清一新教育多年的灰色运营，其所有伪装、套路与壁垒，看似体系庞大、层层闭环，实则唯一且最大的软肋，就是创始人张某本人。这个违规教育组织能长期隐秘存活、持续收割家庭、误导未成年人，根源不在于所谓独特的教育体系，而在于张某始终躲在幕后操控、从不直面公众与监管。
多年来，张某极力打造“教育导师”“智者大师”“投资大师”“传武实战第一人”的人设，靠网络文案、学员口碑包装造势，通过层层代理与核心弟子对外发声、承接招生、打理事务。他常年隐于隐秘办学点，辗转多地规避核查，刻意隔绝在阳光监督之外，从不公开露面回应质疑、接受核查、直面舆论拷问。
他深谙自身所有模式经不起推敲：无证办学、违背义务教育法规、精神管控未成年人、高额敛财、扭曲价值观等诸多问题，每一项都触碰法律与教育红线。一旦本人公开站在阳光下，所有虚假人设会瞬间崩塌，背后的违规办学、灰色收益、精神洗脑等真相将彻底曝光。
清一新教育的嚣张，全靠张某的“隐身术”支撑。只要揪出躲在幕后的张某，破除他的隐秘保护壳，这个毒害未成年人、欺骗家长的灰色教育骗局便会不攻自破。它所有的声势都是虚的，核心命脉完全系于张某一人，他不敢见光，便是其最致命的死穴。",🔴 确凿真实黑帖/负面攻击,明确针对清一/新教育发表负面攻击或投诉: 命中清一负面关联,骗子/洗脑/割韭菜控诉
22,评论区(楼中楼),"用亲身经历告诉你
清一新教育
怎么样？",https://zhuanlan.zhihu.com/p/683774073,行云流水,97-69-19-5,https://www.zhihu.com/people/97-69-19-5,2026-04-25 03:56:03,0,HIGH,骗子/圈钱/洗脑/割韭菜/套路,规则了解的越多，就必然远离清一邪教，凡是为孩子选择清一路线的家长,这个和有钱没钱关系不大，是认知问题，常识和规则了解的越多，就必然远离清一邪教，凡是为孩子选择清一路线的家长，妄心太大，知识结构严重失衡，导致判断力严重错位。,🔴 确凿真实黑帖/负面攻击,明确针对清一/新教育发表负面攻击或投诉: 清一邪教,骗子/洗脑/割韭菜控诉
23,评论区(主评),"用亲身经历告诉你
清一新教育
怎么样？",https://zhuanlan.zhihu.com/p/683774073,chedaka,zhou-jian-fu,https://www.zhihu.com/people/zhou-jian-fu,2025-06-13 15:42:48,0,MEDIUM,骗子/圈钱/洗脑/割韭菜/套路,用当下流行的说法其是明显的私域割韭菜啊。,您这属实被坑的有点惨，我算是07-08年接触过一段世界，那是他还叫张健柏，也主要听他讲道德经，偶尔练练拳。后来和这个群里还保留着若有若无的接触。不过，当张健柏爆发“口信事件”，我就基本上把其拉黑了。用当下流行的说法其是明显的私域割韭菜啊。,🔴 确凿真实黑帖/负面攻击,明确针对清一/新教育发表负面攻击或投诉: 命中清一负面关联,骗子/洗脑/割韭菜控诉
24,专栏文章,"怎么看“
清一新教育
”和最近翻车的“如是书院”？一张画皮，两套马甲，同一套收割逻辑",https://zhuanlan.zhihu.com/p/2069089792630040557,箴茅,50-36-55-23-76,https://www.zhihu.com/people/50-36-55-23-76,,31,HIGH,骗子/圈钱/洗脑/割韭菜/套路,度堪比街头卖完大力丸就跑的江湖骗子。 “这哪是教育？这是把你的孩 | 其实很简单：前者是“高端出海版传销”，后者是“本土封闭版传销”。 | 海版传销”，后者是“本土封闭版传销”。 老板分别是张清一（张健柏,"答主：在教育圈踩过坑的人
谢邀，懒得展开，直接说透。
很多人分不清“清一新教育”和“如是书院”，其实很简单：前者是“高端出海版传销”，后者是“本土封闭版传销”。 老板分别是张清一（张健柏）和如平（赖泽明），两人没血缘关系，但收割逻辑一模一样：用“脱离体制”当诱饵，用“国学/精英”当滤镜，拿家长的焦虑当现金流。
先看清一系。张口闭口“颠覆K12”，其实就是让孩子去考美国的GED（高中同等学历考试）。这玩意儿原本是给没读完高中的成年人补证的，到了张大师嘴里就成了“碾压中美高考的神迹”。更别说那“百万共建费”，两百个孩子就是两个亿现金池。这钱买的是什么？是让家长自我感动的“爱国精英”人设，是切断孩子学籍后的“断尾求生”，以及一张大概率指向东南亚某特区、随时可能被当地执法部门清场的“单程票”。
再看最近翻车的“如是书院”。老板如平是个老熟人，2001年就因非法经营（传销）蹲过两年。出狱后换了个“国学导师”的马甲，专收厌学、抑郁的孩子。手法很糙但有效：收手机、收身份证、戒尺打手、关小黑屋“调整”。新昌县联合调查组已经进驻，但最讽刺的是，这种把“体罚”包装成“爱的棒喝”的作坊，居然能年收十几万学费，还被家长当成“救命稻草”。
两者的核心都在“控制”。张清一用“GED神话”忽悠高净值人群，如平用“戒尺管教”吓唬绝望家长。但剥开画皮，底色全是BITE模型：行为控制（退学、搬砖）、信息控制（屏蔽外界）、思维控制（独创话术）、情绪控制（制造愧疚）。
最恶心的是对生命的漠视。网上传九岁女童因零食被“调整”致死，虽未见官方通报，但光“十一岁男孩大太阳下搬砖打磨燥气”、“十六七岁‘2.0老师’上岗执教”这些实锤，已经足够触目惊心。张清一在关善祥事件后光速切割，冷血程度堪比街头卖完大力丸就跑的江湖骗子。
“这哪是教育？这是把你的孩子放进一个没有出口的玻璃罐，外面贴着‘精英培养皿’，里面灌满了导师的贪婪和家长的无知。”
真正的教育，从不要求你下跪，也不收百万“臣服费”。凡是让你退学籍、断联系、无条件服从某个“大师”的，全是骗局。如今如是书院被查，张清一在磨丁风雨飘摇，这不仅仅是两家机构的倒掉，更是对所有“教育传销”的一次预警：别拿孩子当小白鼠，否则反噬的，终将是你自己的晚年。",🔴 确凿真实黑帖/负面攻击,明确针对清一/新教育发表负面攻击或投诉: 张清一在关善祥事件后光速切割，冷血程度堪比街头卖完大力丸就跑的江湖骗子,骗子/洗脑/割韭菜控诉
25,评论区(主评),"怎么看“
清一新教育
”和最近翻车的“如是书院”？一张画皮，两套马甲，同一套收割逻辑",https://zhuanlan.zhihu.com/p/2069089792630040557,守望者,zhivh8zilf,https://www.zhihu.com/people/zhivh8zilf,2026-08-07 16:03:09,0,MEDIUM,骗子/圈钱/洗脑/割韭菜/套路,割逻辑】的评论 一模一样的收割套路，清一的社会负面影响远远大于如,一模一样的收割套路，清一的社会负面影响远远大于如是书院,🔴 确凿真实黑帖/负面攻击,明确针对清一/新教育发表负面攻击或投诉: 命中清一负面关联,骗子/洗脑/割韭菜控诉
28,回答正文,,https://www.zhihu.com/answer/2069878132786701468,德鲁伊,deluyi-6-91-4,https://www.zhihu.com/people/deluyi-6-91-4,,11,HIGH,骗子/圈钱/洗脑/割韭菜/套路、新教育争议/误人子弟/毁孩子/伪国学,老挝，继续干起来非法办学和玄学诈骗的勾当！ | 现在跑到了境外老挝，继续干起来非法办学和玄学诈骗的勾当！,知乎上这个叫“清一新教育”的，二十年了被官方不断取缔，现在跑到了境外老挝，继续干起来非法办学和玄学诈骗的勾当！,🔴 确凿真实黑帖/负面攻击,明确针对清一/新教育发表负面攻击或投诉: 清一新教育”的，二十年了被官方不断取缔，现在跑到了境外老挝，继续干起来非法办学和玄学诈骗,骗子/洗脑/割韭菜控诉
30,评论区(主评),"“
清一新教育
”的非法性是清醒们持续发声并通过法律途径维护权益的底气",https://zhuanlan.zhihu.com/p/2072252810008211619,行云流水,97-69-19-5,https://www.zhihu.com/people/97-69-19-5,2026-08-19 10:04:36,0,HIGH,骗子/圈钱/洗脑/割韭菜/套路,权益的底气】的评论 用法律制裁邪教教育，法办张健柏,用法律制裁邪教教育，法办张健柏,🔴 确凿真实黑帖/负面攻击,明确针对清一/新教育发表负面攻击或投诉: 命中清一负面关联,骗子/洗脑/割韭菜控诉
37,专栏文章,清一山长 我为什么这么看好您,https://zhuanlan.zhihu.com/p/1955334032284943912,冯敬东,feng-jing-dong-39,https://www.zhihu.com/people/feng-jing-dong-39,,133,MEDIUM,新教育争议/误人子弟/毁孩子/伪国学,是靠听别人说什么，你就怎么样，误导你，骗你，真是没商量。 对不对,"我们都想活的明白一点，任何好书都是让人更明白的。好电影同样。
十年前，刚刚股市投资挣了些钱，研究股市股票累了以后，为了调剂学习，换一下脑子。
也是由于独立投资，时间是大把的自由。
当时是博客时代，偶然——也是必然，因为当时被山长博客的文章吸引———看到一篇，山长推荐的250部电影。
也没有什么资源，迅雷，百度搜索。
之前看博客积累起来的对山长的好感，让我试着看起这些电影。之前看电影比较单一，这里推荐的电影，好多都是世界级的获奖电影，真的感觉是为我打开了一个全新的认知世界的角度。
一部一部的看，越看越想看，一年多的时间，我竟看了有其中的三分之二，就像山长推荐的音乐书籍一样，都让我成长很多。
（有时就想，山长推荐的都有这么多电影音乐书籍，肯定都是他看过的精品，他实际得看过多少呀？）
山长推荐的书籍（回头有时间专门总结一篇）、电影、音乐（回头也可以写写），在我看来都是世界顶级的。
再加上之前看的山长《道德经》解读，我逐渐认定山长绝对是最顶级的人物！
具体说点看电影的收获
都是非常正能量的电影，鼓励人们爱，付出，互相帮助。
也有很多直面人性的。
黑泽明导演的罗生门，是我向人推荐最多的。
故事非常简单，却拍出了人性的复杂多变，与不变。
农夫，旁观者的视角。却也不旁观，因为掺杂了他的利益，偷了现场的东西，却想隐瞒；没有勇气作证，却要显得勇敢正义。这些必然使他，隐瞒真相，编造一套符合他想隐瞒偷东西、显得自己非常正义勇敢的假故事。
每个人都一样，一带非常有名的强盗———一般的人设是，凶残，强壮，心狠手辣，仗义，武功高强等等。实际是胆怯，畏首畏尾，偷袭，惊慌失措，所以他肯定会把事实往大家都认可的人设上，歪曲。
武士，妻子，都是一样。
我们每个人都一样。
包括我自己。
我们在说事实时，多少都会往自己好的人身上靠，只是程度不同而已。
所以，两个清粉（还算不错的群体）一起经历的事，互相对起来，也是说不清楚，重叠的有三分之一就算不错了。
这当中自然有办事时，互相本来的误解。
故意的提高人设也是起了很大的作用。
这就是人性。人性就是如此！
现实社会，你去听话，去听，如此去听。。。。
好有道理，这还不是说他们想故意骗你的情况。只是一般，经常，不自然就出口的。
所以你私下里听到的，私下传的，还有几分真实？
如果你只是靠听别人说什么，你就怎么样，误导你，骗你，真是没商量。
对不对？
所以私下里，瞎传的一些事，你给我说，我基本上是，一边去。。。。
耽误时间，有意义吗？
所以 
#清黑是人生失败者
 无疑。",🔴 确凿真实黑帖/负面攻击,明确针对清一/新教育发表负面攻击或投诉: 命中清一负面关联,骗子/洗脑/割韭菜控诉
38,专栏文章,"最早的山长助理，我跟随在张清
一
老师身边17年的小故事——前言",https://zhuanlan.zhihu.com/p/10329307336,心教育,chen-miao-fen-59-54,https://www.zhihu.com/people/chen-miao-fen-59-54,,65,MEDIUM,骗子/圈钱/洗脑/割韭菜/套路,因为我傻，有人说因为我被张老师洗脑了，还有人说因为我是张老师的小,"作者：今日学堂 宋晓莉（宋明觉）老师
时间：丙申2016年12月16日
本文为转载，接下来两天更一回
我为什么17年来，一直跟随张老师？
17年来，我的身份不断转变：我从学生到员工，从小职员到总经理助理，从商界到教育界，我从商人又变成了教师，从小女生长成了妻子和母亲，我从武汉跟随到了云南......
这么多年，这么多的改变，我为何从来没想过要离开张老师？
是什么东西吸引我留下这么久？
而且这个跟随的时间，看来毫无疑问会跨越20年、30年，甚至一辈子？
这么多年来，对这个问题的答案，有人说是因为我傻，有人说因为我被张老师洗脑了，还有人说因为我是张老师的小情人（幸亏我丈夫根本不相信这种鬼话）......我也一直没有机会好好的对外解释和说明。现在却发现：一些根本就不了解张老师的清黑，居然煞有介事地说，他们只需短短的几年、几个月、几次课，甚至很多人连课都没上过，只是看过他某篇文章，或者听到别人转述过他的只言片语，就一下子把张老师“看清了本质”和“骨子里面的东西”。
我不禁想：这些清黑，是不是比我的脑子要好太多了，我17年都没看看懂的事情，居然他们这么快就全部看懂了，看透了？我去看了清黑们发表的文章和发言，又哑然失笑。这群人说话颠三倒四、逻辑混乱，脑子明显没我好嘛！只是叫得欢罢了，没有什么实在的内容。我就想，是不是我该把我17年来认识到的张老师写出来。
由于我长期做过张老师身边的商务助理和教务助理，对他的公私生活，恐怕比其他所有人都了解更多。而且，我还是张老师和刘老师的牵线人呢！他们两人的第一次见面，我还是陪同。刚开始的一些故事很有趣，也很搞笑。这些故事，也许除了我以外，没人会写出来了。也许大家会有兴趣看的。下面就是我写的第一回，初见张老师。以后我有时间，会慢慢写下去的，也是对我的人生选择，做一个阶段性的总结吧!
为什么17年跟随，不离不失？
算一算跟随山长的时间，整整17年了。从大学毕业到现在，中途有很多机缘可以让我离开，但却从来没有想过要离开。比如，有所谓的好心人，劝我出去开创自己的事业；有企业的老板，想用高薪挖我去他们的公司工作；有一些家长，鼓动我开办一个学堂，他们说会把自己的孩子送进我办的学堂；有不少培训机构和新教育学堂，想要让我去做校长，或者和我一起合伙办学......所有的这些，从来没有让我产生过离开学堂的念头，包括山长也曾因为担心我和丈夫长期分居不利于维持家庭关系，劝我回归家庭，好好相夫教子，我也很认真的跟山长说：我不会走的，除非你赶我走！
那么，山长有什么样的魅力，学堂有何吸引人的地方，让我和老师们从认识山长开始，从进入学堂之后，就不愿再选择离开了呢？
目录
第一回 结缘山长
一、传说中的儒商
二、记者站实习见闻
三、遇见山长
心教育：传说中的山长 | 最早的山长助理，我跟随在张清一老师身边17年的小故事
第二回 认识山长
一、一个才华横溢的老板
二、樱花节，大刀向鬼子们的胶卷砍去
三、一个不像老板的老板
四、武汉电器行业中的另类：一个从不找情人的老板
心教育：一个特例独行的老板 | 最早的山长助理，我跟随在张清一老师身边17年的小故事
第三回 深入接触（上）
一、独特的试用期考核——专业考试
二、洞察秋毫，整治公司试用期的潜规则16
三、亏本生意开心做：“进口CD机只售99元”的玄机18
四、老师的贴心改造：脱掉了“心爱”的高跟鞋，我变成了“女侠”
心教育：试用期的挑战与成长 | 最早的山长助理，我跟随在张清一老师身边17年的小故事
第三回 深入接触（下）
五、任人唯贤，资历为本事让路
六、从未出过国的老板，却奖励员工豪华出国游
七、春节公司不打烊，员工放假老板守店
八、管工作还管学习，学习还能拿奖金，你见过这样的企业吗？
九、远离低俗，追求有品味的人生：今日电器带给我的古典音乐熏陶
心教育：从实习生到销售冠军 | 最早的山长助理，我跟随在张清一老师身边17年的小故事
第四回 培养员工（上）
心教育：来自金钱的考验 | 最早的山长助理，我跟随在张清一老师身边17年的小故事
第四回 培养员工（下）
一、为员工制定职业规划
二、公司福利：让员工入股，一起分享公司的成长
三、进阶学习：中层干部是怎样炼成的？
心教育：从员工到股东 | 最早的山长助理，我跟随在张清一老师身边17年的小故事
第五回 外人眼中的张老师（上）
一、把店开到乡下
二、你是张老板的亲戚吧？
三、世上本无事，庸人自扰之
心教育：最早的山长助理，我跟随在张清一老师身边17年的小故事
第五回 外人眼中的张老师（中）
一、做人最大的失败是信用的破产
二、老师的商业新创意
心教育：诚信、创新与团队精神 | 最早的山长助理，我跟随在张清一老师身边17年的小故事
第五回 外人眼中的张老师（下）
一、为网店学开车44
二、这是做生意必须支付的成本
心教育：从学车到管理网店 | 最早的山长助理，我跟随在张清一老师身边17年的小故事
第六回 人生学习的根本，超卓的商业布局
一、为什么修心是人生学习的根本
二、为什么要开创三足鼎立的商业局面
心教育：迈向人生巅峰的关键 | 最早的山长助理，我跟随在张清一老师身边17年的小故事
第七回 小偷眼中的敬畏之人
心教育：如何应对小偷？ | 最早的山长助理，我跟随在张清一老师身边17年的小故事
第八回 保姆身边的贴心老板
心教育：老板与老师的双重角色 | 最早的山长助理，我跟随在张清一老师身边17年的小故事
第九回 失信的冠军教练
心教育：和“白眼狼”的故事 | 最早的山长助理，我跟随在张清一老师身边17年的小故事",🔴 确凿真实黑帖/负面攻击,明确针对清一/新教育发表负面攻击或投诉: 命中清一负面关联,骗子/洗脑/割韭菜控诉
40,评论区(主评),清一新教育｜我眼中的清一山长,https://zhuanlan.zhihu.com/p/1976306686198321468,罗红梅,xi-yun-91-1,https://www.zhihu.com/people/xi-yun-91-1,2025-11-26 06:24:03,0,MEDIUM,骗子/圈钱/洗脑/割韭菜/套路,论 亲，原来我曾经的分享像是被洗脑的样子，哈哈。。那我以后尽量像,亲，原来我曾经的分享像是被洗脑的样子，哈哈。。那我以后尽量像个正常人去分享[大笑],🔴 确凿真实黑帖/负面攻击,明确针对清一/新教育发表负面攻击或投诉: 命中清一负面关联,骗子/洗脑/割韭菜控诉
42,评论区(楼中楼),吃水埋了挖井人？张健柏先生，十年清一新教育基金，该晒晒结果了,https://zhuanlan.zhihu.com/p/1932801543318505280,FAFN,fafa-54-68-60,https://www.zhihu.com/people/fafa-54-68-60,2025-07-28 22:03:20,0,MEDIUM,骗子/圈钱/洗脑/割韭菜/套路,前一句“投入教育不为赚钱”！ 忽悠善良的清粉做炮灰时，就说后一句,"脏山长说啥，需要服务于他的目的：想挑拨清粉，就林妹妹上身委屈状，胁迫“捆绑”清粉写“买家秀”小文章时，就说前一句“投入教育不为赚钱”！
忽悠善良的清粉做炮灰时，就说后一句“投股市早发财了”。
准备开“财富傻猫课”时，就说我老婆刘cun大神是十几亿大富婆。
分散到股市里十几亿，
隐藏的其他“篮子”里的鸡蛋不止这点哈[赞]",🔴 确凿真实黑帖/负面攻击,明确针对清一/新教育发表负面攻击或投诉: 命中清一负面关联,骗子/洗脑/割韭菜控诉
43,评论区(楼中楼),吃水埋了挖井人？张健柏先生，十年清一新教育基金，该晒晒结果了,https://zhuanlan.zhihu.com/p/1932801543318505280,爱丽丝泡泡,zhou-ying-82-53,https://www.zhihu.com/people/zhou-ying-82-53,2025-07-28 23:22:16,0,MEDIUM,骗子/圈钱/洗脑/割韭菜/套路,，该晒晒结果了】的评论 以前被忽悠得他说啥都对…现在可知道了，得,以前被忽悠得他说啥都对…现在可知道了，得长800个心眼子看他的东西,🔴 确凿真实黑帖/负面攻击,明确针对清一/新教育发表负面攻击或投诉: 命中清一负面关联,骗子/洗脑/割韭菜控诉
45,评论区(主评),"清一山长
 是最有原则性的人",https://zhuanlan.zhihu.com/p/1960081531264569577,覺清,jue-qing-27-81,https://www.zhihu.com/people/jue-qing-27-81,2025-10-11 09:37:47,0,HIGH,骗子/圈钱/洗脑/割韭菜/套路,清黑乱说的这些话，不是傻子就是骗子。 这种自尊尊人的人不会傻到干,"#挪用和贪污善款#山长是不可能做这样的事情的，相信清黑乱说的这些话，不是傻子就是骗子。
这种自尊尊人的人不会傻到干这种事情[大笑]打新这种博傻的游戏山长都不参与，他更不可能做明显错误的事情",🔴 确凿真实黑帖/负面攻击,明确针对清一/新教育发表负面攻击或投诉: 命中清一负面关联,骗子/洗脑/割韭菜控诉
46,专栏文章,"清一山长
所在的新教育圈一直以来股神倍出，那该怎样鉴别真假呢？",https://zhuanlan.zhihu.com/p/1884172709195388396,涤尘,charlychy,https://www.zhihu.com/people/charlychy,,67,HIGH,假武术/无实战能力/花架子、骗子/圈钱/洗脑/割韭菜/套路、新教育争议/误人子弟/毁孩子/伪国学,明其真实的投资能力和投资实力。嘴炮谁都会，模拟仓和手工账本与真实 | 来投资失败，被股东和跟随者追着退钱还钱，股市号称重仓其实只有少量 | 脸。        另外，因为误导投资一些小市值股票，让一些无脑,"前几天，太太将两个新教育圈投资人分享的心得转给我，希望我在投资上好好学习，不断精进。言外之意，你看他们短短十年不到都是几十倍，百倍甚至万倍的收益，你这都好几年了，也没见你翻个倍（虽然去年收益都快赶上某人的总资产了，但毕竟离翻倍差老远，太太不满也正常）。
       我知道，她是想报一箭之仇，挽回些颜面。几年前，她被清一新教育圈的U兄关善祥（大家自己去查证，已成名人了），号称的十年万倍收益吸引，执意要拿一百万去买他的基金，被我坚决制止。后来U兄的基金亏损得破产清盘本人身死（真死假死未知），新教育圈投资他基金的家庭血亏得一地鸡毛。她庆幸不已的同时，总觉得失了些颜面。
       我抱着学习的心态，认真看了下这两人的投资历程，简述总结如下：
       XXX：
       1，从2014年4万起步，中途再入金2万，到2016年，投资收益翻了7倍，到40多万。这中间2015年年    中开始大盘连续跌停，并持续暴跌腰斩，几乎无损失。
       2，2021年到2024年，几年不到，从60万，投资收益翻了7倍，到400万。
       十年时间，接近50倍的收益，厉害不？确实厉害。
       据他自己的描述，主要靠学习山长、黄老师（经查该老师其实近年来投资失败，被股东和跟随者追着退钱还钱，股市号称重仓其实只有少量持仓在港股中小银行，主要投资中小城市房地产法拍房被套牢，网上公开可查可追溯）和卢老师（不详），靠自己写写代码和研究的两个指标，跟着山长赌国运，加上走了狗屎运才赚到的。并且提出，愿意分享给有缘人（是不是言外之意是要成立自己的基金，类似U兄，不得而知）。
       这是不是有网上各种广告卖炒股软件和指标的即视感？这些都不敢夸耀几年几倍的收益。这个方式不靠谱，在投资界早为共识。
       另外一个，总结一下他的要点：靠跟着山长对宏观大势的分析，每次都精准抄底和逃顶，操作简直封神，然后赚了不菲的收益。
       这两位仁兄可能不知道，山长赌国运的标的组合到现在都在雪球上挂着呢（从2017年到现在负44%收益，主要重仓有破产了的原中国华融等）。所以不要轻易宏大叙事搞什么赌国运，容易被打脸。
       另外，因为误导投资一些小市值股票，让一些无脑跟随者受伤不浅（如退市的老千股江南集团等等），加上很多专业投资者的质疑，清一山长的雪球账号都被众人举报后雪球官方封号了。
       那有没有十年几十倍收益的呢？非常罕见，我只见过一个公开公布十年二十倍的，再多的真没见过（该投资者完全公开自己的持仓和交易流水，才让大家信服）。投资厉害的大牛最多十年十倍，一般能够达到十年3倍5倍的都是非常了不起的。大家以这个常识去判断不会错。真正投资能够赚 的基本上都来自于坚实的行业、公司和商业分析。搞指标，看趋势，巴菲特早就告诉过不靠谱。如果这个可行，只要每天能赚一个百分点，一万的本金不到四年你就可以收益上亿。据我所知，地球上还没有出现过这样的人。
       新教育圈是个盛产股神的地方，U兄关善祥、山长都是被粉丝们号称拿着几万或几十万本金十年或者二三十年就获得上亿收益的。如今又有这几位，粗看下来，十年投资收益几十倍的人。这些是否真实可信，请按照我上面提供的常识和小学数学进行判断推演，真假自然可见。
       如果还是被各种眼花缭乱的操作文字吸引，真要跟随这些大牛投资，或者把资金交给他管理，请先严格进行鉴定鉴别，方法也很简单。就像我曾经制止太太投资U兄一样，要求鉴别真实性：
       1、提供持仓、完整出入金记录和号称收益多少倍的交易流水截图记录；注意要是主资金仓位，小资金不算。
       2、更严格些，要提供证券公司盖章的持仓文件、资金流水文件、股票交易交割文件。这个在全球都是可以作为资产证明的。买过房或者抵押贷款过的人都清楚这点。
       这些东西，尤其是证券公司提供的盖章文件，一般很难作假，作假也容易被发现。如果以十年跨度来要求提供的这些数据都提供不了，那就无法证明其真实的投资能力和投资实力。嘴炮谁都会，模拟仓和手工账本与真实交易尤其是大额资金的真实交易是完全不同的，不能作数。
      一般这个时候这些大牛会恼羞成怒（我后来质疑的言论被直接被删和拉黑）。甚至有的股神可能会说原来的证券公司倒闭了被熬垮了，没这些东西。其实我告诉你，证券公司倒了，其交易数据会在国家证券交易所，并会安排随账户转移到新的证券公司，所以不存在没数据这个问题。
       毕竟你要将钱交给他打理了，或者跟随他投资了，还是要慎重再慎重，你说呢？希望大家不要再踩这些“股神”的坑了。",🔴 确凿真实黑帖/负面攻击,明确针对清一/新教育发表负面攻击或投诉: 命中清一负面关联,骗子/洗脑/割韭菜控诉
47,专栏文章,张清一是“骗子”还是导师？,https://zhuanlan.zhihu.com/p/352573221,宋传军,yu-shi-ju-jin-38-37,https://www.zhihu.com/people/yu-shi-ju-jin-38-37,,162,HIGH,假武术/无实战能力/花架子、骗子/圈钱/洗脑/割韭菜/套路,在观望，看看这个清一山长会怎么吹牛，反正对我也没多大损失。 | 张清一是“骗子”还是导师？ 五年时间验证“骗 | 子”还是导师？ 五年时间验证“骗子”        2012年的,"五年时间验证“骗子”
       2012年的时候，为了给孩子最好的教育，我到处寻找教育“秘方”。看到很多教育专家的理论都觉得很有道理，什么“爱与自由”、什么“素质教育”，并且花了大量的时间和精力去学习过。但是好像这些理论对我和我的孩子帮助并不大。
       机缘巧合下，一个网友给我推荐了“教育张清一”的新浪博客，博客里展现出今日学堂孩子的教学成果深深震撼了我。14岁的小女孩写出的文章比大人还好、14岁的孩子辩论战胜了名校大学生和博士生、十几岁的大孩子教十岁左右的小孩子四个月突破英语等教学成果简直太神奇了，但这是不是作假呢？我和大多数人一样，抱着看热闹的心态一直在观望，看看这个清一山长会怎么吹牛，反正对我也没多大损失。
       直到2016年底，我在杭州看了一场今日学堂英语突破班的分享会。在现场我看了令人惊讶的表演，只学了4个月英语的10岁孩子，全程可以用流畅的英语进行表演，同时做中文演讲也很有深度。如果只是学习表现好也就罢了，他们运动能力还特别强，很多高难度的垫上运动，让人眼花缭乱。这些孩子们表现出来的精神面貌让人一看就非常喜欢。他们个个精神饱满、神采飞扬，完全没有压抑或者厌学的情绪。看的出来，他们是真心喜欢学习，而不是被压迫、被压抑的去学习。
       我再也无法淡定了，我觉得这就是我想要的教育，我赶紧回家告诉老婆这个好消息，我告诉她，不加入这样的新教育，真的是我们家的损失。为了打消老婆的疑虑——担心表演的学生只是筛选出来的，我又带老婆去上海参加了一次分享会，让老婆现场见证今日新教育的神奇，可以批量培养出卓越的孩子。在得到老婆的支持下，2017年暑假我们顺利把大女儿送到了今日新教育的一家外围学堂学习。
                                          一人进入新教育，全家一同齐受益
       自从女儿进入新教育学堂，我们家对新教育的理解更加深刻。原来始终搞不懂，新教育到底是用什么方式来培养孩子。近距离接触后才知道，是通过运动与做事来磨练孩子的心性、培养孩子的能力，从而实现对孩子精神品质的提升。
       就拿运动来说吧，不仅我们的孩子因为运动，精神面貌和身体健康得到了改善，我和我爱人的健康也发生了翻天覆地的变化。那时单位组织体检，我的身体没有什么大毛病，就是有一些常见的富贵病。像高血脂，脂肪肝，肾结晶我都没有落下。
      在学习的山长《体育是精英教育的核心》后，我们家也和孩子一起运动起来。平常工作比较忙，我们全家（除了在学堂的女儿）就坚持每周去爬山徒步。坚持一年后，我参加了本地社会组织的一次跨年百公里毅行徒步。第1次参加没有什么经验，但是我也走了令我自己惊讶的距离——74公里。第2年也就是2018年，我和朋友们一起练跑步，练了半年以后轻松突破半马。2019年元旦，我和伙伴们再次参加行者俱乐部举办的环巢湖百公里毅行，我历时28小时顺利完成。
       自此以后，我们家节假日不是在徒步，就是在去跑步的路上，每天早上赖床的习惯也在被晨跑或者徒步替代。我和妻子的身体状况越来越好，我的高血脂、脂肪肝以及肾结晶，在不知不觉中消失了。而我老婆的很多衣服也在不知不觉中大了一圈，没法穿了，她们单位很多20岁的小年轻都羡慕她的苗条身材。
       2019年10月国庆，我们全家一起参加了环巢湖4天3夜168公里毅行。
      2021年元旦，我们全家在合肥参加行者俱乐部组织百公里毅行。我和不到12岁的女儿，冒着-10~1摄氏度的低温，用时29小时完成百公里。连9岁不到的儿子也跟着我们走了85公里。
      在这些看似“无用”的徒步运动中，孩子们除了锻炼出卓越的体能，自信与坚毅品质被悄悄的磨练出来，然而这些都是看不见的成果。现在我的孩子以考入今日学堂为目标，立志做最好的中国人。
      对了，我还看到网上有些人说清一山长开收费课程，就是在骗钱敛财。恰好我也上过山长的收费课程——财富课。我只知道我自从2019年辞职以后，我的生活费、我孩子上新教育学堂的学费以及我上山长的课程费，都跟着山长学投资赚回来了。
      清一山长是不是别人说的骗子？我用9年时间验证，他不仅不是骗子，还是给我教育方法、投资方法以及指导我成长的导师。这样的“骗子”，天下哪里去找？！
      我叫宋传军，欢迎大家和我一起践行新教育，做最好的中国人，成就更好的自己。",🔴 确凿真实黑帖/负面攻击,明确针对清一/新教育发表负面攻击或投诉: 张清一是“骗子,骗子/洗脑/割韭菜控诉
48,评论区(主评),张清一是“骗子”还是导师？,https://zhuanlan.zhihu.com/p/352573221,紫陌红尘,72-48-82-10,https://www.zhihu.com/people/72-48-82-10,2023-01-11 09:53:18,0,HIGH,骗子/圈钱/洗脑/割韭菜/套路,关于文章【张清一是“骗子”还是导师？】的评论 我不是清,我不是清黑，孩子也没上过新教育，只是身边很多家长经历了新教育，现在孩子无路可走，才逐渐看清这是一个骗局，只是想提醒各位家长，不要拿孩子的前途去赌，骗局都是一环扣一环，没有一个实现的，据新教育内部爆料，有一部分孩子严重抑郁，希望可以帮助大家，不要再沉迷于此,🔴 确凿真实黑帖/负面攻击,明确针对清一/新教育发表负面攻击或投诉: 张清一是“骗子,骗子/洗脑/割韭菜控诉
49,评论区(楼中楼),张清一是“骗子”还是导师？,https://zhuanlan.zhihu.com/p/352573221,小知求学,he-zhen-77-79,https://www.zhihu.com/people/he-zhen-77-79,2023-12-06 12:05:06,0,HIGH,骗子/圈钱/洗脑/割韭菜/套路,关于文章【张清一是“骗子”还是导师？】的评论 你这个只,你这个只是听说，清一真是个懂教育懂投资的怪才，很少人能望其背。,🔴 确凿真实黑帖/负面攻击,明确针对清一/新教育发表负面攻击或投诉: 张清一是“骗子,骗子/洗脑/割韭菜控诉
50,评论区(楼中楼),张清一是“骗子”还是导师？,https://zhuanlan.zhihu.com/p/352573221,AndyEnder,andyender,https://www.zhihu.com/people/andyender,2024-06-17 10:17:10,0,HIGH,骗子/圈钱/洗脑/割韭菜/套路,关于文章【张清一是“骗子”还是导师？】的评论 所有教育,所有教育形式都有抑郁的[尴尬],🔴 确凿真实黑帖/负面攻击,明确针对清一/新教育发表负面攻击或投诉: 张清一是“骗子,骗子/洗脑/割韭菜控诉
51,评论区(楼中楼),张清一是“骗子”还是导师？,https://zhuanlan.zhihu.com/p/352573221,自知者明,ren-zai-lu-tu-46-66,https://www.zhihu.com/people/ren-zai-lu-tu-46-66,2025-09-19 14:41:47,0,HIGH,骗子/圈钱/洗脑/割韭菜/套路,关于文章【张清一是“骗子”还是导师？】的评论 忽悠 | 是“骗子”还是导师？】的评论 忽悠,忽悠,🔴 确凿真实黑帖/负面攻击,明确针对清一/新教育发表负面攻击或投诉: 张清一是“骗子,骗子/洗脑/割韭菜控诉
52,评论区(主评),张清一是“骗子”还是导师？,https://zhuanlan.zhihu.com/p/352573221,海 CHike,23-58-54-11,https://www.zhihu.com/people/23-58-54-11,2023-01-17 22:44:38,0,HIGH,骗子/圈钱/洗脑/割韭菜/套路,关于文章【张清一是“骗子”还是导师？】的评论 我是今日,我是今日学堂西语班的学生，我真心的建议您，新教育不是什么好地方,🔴 确凿真实黑帖/负面攻击,明确针对清一/新教育发表负面攻击或投诉: 张清一是“骗子,骗子/洗脑/割韭菜控诉
53,评论区(楼中楼),张清一是“骗子”还是导师？,https://zhuanlan.zhihu.com/p/352573221,Yeonjun,xiao-mi-zi-10-84,https://www.zhihu.com/people/xiao-mi-zi-10-84,2023-02-07 22:07:29,0,HIGH,骗子/圈钱/洗脑/割韭菜/套路,关于文章【张清一是“骗子”还是导师？】的评论 同意，刚,同意，刚出来，被搞走的,🔴 确凿真实黑帖/负面攻击,明确针对清一/新教育发表负面攻击或投诉: 张清一是“骗子,骗子/洗脑/割韭菜控诉
54,评论区(楼中楼),张清一是“骗子”还是导师？,https://zhuanlan.zhihu.com/p/352573221,海 CHike,23-58-54-11,https://www.zhihu.com/people/23-58-54-11,2023-02-12 08:03:58,0,HIGH,骗子/圈钱/洗脑/割韭菜/套路,关于文章【张清一是“骗子”还是导师？】的评论 服了我真,服了我真的,🔴 确凿真实黑帖/负面攻击,明确针对清一/新教育发表负面攻击或投诉: 张清一是“骗子,骗子/洗脑/割韭菜控诉
55,评论区(主评),张清一是“骗子”还是导师？,https://zhuanlan.zhihu.com/p/352573221,香雪莲,chu-xue-hou-sheng,https://www.zhihu.com/people/chu-xue-hou-sheng,2022-09-04 03:59:27,0,HIGH,骗子/圈钱/洗脑/割韭菜/套路,关于文章【张清一是“骗子”还是导师？】的评论 您可能还,您可能还沉浸在自我陶醉之中，我朋友孩子也在里面学习，其实除了他说的体能和英语外，基本没啥可吹嘘的。说句实话我孩子也一直学英语，他引以为自豪的英语根本就好不了我孩子多少，至于其他学科，可以用一塌糊涂来形容。我建议你和身边同龄孩子对比一下，你一定会失望，每个孩子都是可塑之才，关键看自己怎么教育。从综合来说体制内的孩子远远优于清一山长的办学。他的学校根本比不了其他私人学校。您现在学了五年，再过五年您一定把肠子悔青，因为孩子的一生，被你耽误了。这个清一山长并非善类，只是你们太善良了。不要相信包裹钻石的垃圾，要理智，就像有的家长所说，时间会说明一切，只要不是自欺欺人，我也赞同这个说法。希望您理智一点，也希望您再过五年，能够现身说法，实事求是，也算是做功德。,🔴 确凿真实黑帖/负面攻击,明确针对清一/新教育发表负面攻击或投诉: 张清一是“骗子,骗子/洗脑/割韭菜控诉
56,评论区(楼中楼),张清一是“骗子”还是导师？,https://zhuanlan.zhihu.com/p/352573221,楠楠,jian-dan-xiao-yu-21,https://www.zhihu.com/people/jian-dan-xiao-yu-21,2023-02-22 11:55:49,0,HIGH,骗子/圈钱/洗脑/割韭菜/套路,关于文章【张清一是“骗子”还是导师？】的评论 肯定不同,"肯定不同啊 
公立学校招聘也有门槛 
有教育局各部门来出力
难道这些人都是不干活的吗
私立学校 国际学校里面发花钱招的都是傻子吗
还有国家拨款
别的不说
张清一的理念再好
也没有这个资金
这个风控能力去实现
更不用说数学 理化生到了高年级
哪里是跟随他的不对口的985本科就能教好的
更不用说他还要办大学！大学学什么？
无经验 不对口 没指导 没继续教育
却要打赢
所以他把数理化砍了
也蹭可汗的课程 
这样他也不用引进什么人才
更何况 他的理念就是对的？
那些研究教育理念的人都是傻子？",🔴 确凿真实黑帖/负面攻击,明确针对清一/新教育发表负面攻击或投诉: 张清一是“骗子,骗子/洗脑/割韭菜控诉
57,评论区(楼中楼),张清一是“骗子”还是导师？,https://zhuanlan.zhihu.com/p/352573221,心悦诚服,16-4-75-36-33,https://www.zhihu.com/people/16-4-75-36-33,2024-01-19 00:27:27,0,HIGH,骗子/圈钱/洗脑/割韭菜/套路,关于文章【张清一是“骗子”还是导师？】的评论 所说英语,所说英语也只是听说是不完整学习，没有写。,🔴 确凿真实黑帖/负面攻击,明确针对清一/新教育发表负面攻击或投诉: 张清一是“骗子,骗子/洗脑/割韭菜控诉
58,评论区(楼中楼),张清一是“骗子”还是导师？,https://zhuanlan.zhihu.com/p/352573221,心悦诚服,16-4-75-36-33,https://www.zhihu.com/people/16-4-75-36-33,2024-01-19 00:29:00,0,HIGH,骗子/圈钱/洗脑/割韭菜/套路,关于文章【张清一是“骗子”还是导师？】的评论 光有理念,光有理念，不落地。孩子大的家长内心会非常焦虑。,🔴 确凿真实黑帖/负面攻击,明确针对清一/新教育发表负面攻击或投诉: 张清一是“骗子,骗子/洗脑/割韭菜控诉
59,评论区(主评),张清一是“骗子”还是导师？,https://zhuanlan.zhihu.com/p/352573221,好吧,yang-guang-32-19-17,https://www.zhihu.com/people/yang-guang-32-19-17,2021-11-21 12:30:46,0,HIGH,骗子/圈钱/洗脑/割韭菜/套路,关于文章【张清一是“骗子”还是导师？】的评论 清一圈子,清一圈子里面，除了清一山长算成功的，还有谁成功了，有谁做出什么杰出的成就？,🔴 确凿真实黑帖/负面攻击,明确针对清一/新教育发表负面攻击或投诉: 张清一是“骗子,骗子/洗脑/割韭菜控诉
60,评论区(楼中楼),张清一是“骗子”还是导师？,https://zhuanlan.zhihu.com/p/352573221,好吧,yang-guang-32-19-17,https://www.zhihu.com/people/yang-guang-32-19-17,2021-12-14 15:46:05,0,HIGH,骗子/圈钱/洗脑/割韭菜/套路,关于文章【张清一是“骗子”还是导师？】的评论 你说的应,你说的应该是wxy吧，从法院出来辞职办学堂，跟着山长炒股，应该是亏的一塌糊涂，好好的工作也丢了[doge],🔴 确凿真实黑帖/负面攻击,明确针对清一/新教育发表负面攻击或投诉: 张清一是“骗子,骗子/洗脑/割韭菜控诉
61,评论区(楼中楼),张清一是“骗子”还是导师？,https://zhuanlan.zhihu.com/p/352573221,雨花台,zhou-dong-55-62,https://www.zhihu.com/people/zhou-dong-55-62,2021-12-14 19:38:43,0,HIGH,骗子/圈钱/洗脑/割韭菜/套路,关于文章【张清一是“骗子”还是导师？】的评论 不是那些,不是那些参加财富课的人都说赚嗨了吗？,🔴 确凿真实黑帖/负面攻击,明确针对清一/新教育发表负面攻击或投诉: 张清一是“骗子,骗子/洗脑/割韭菜控诉
62,评论区(楼中楼),张清一是“骗子”还是导师？,https://zhuanlan.zhihu.com/p/352573221,雨花台,zhou-dong-55-62,https://www.zhihu.com/people/zhou-dong-55-62,2021-12-14 20:12:14,0,HIGH,骗子/圈钱/洗脑/割韭菜/套路,关于文章【张清一是“骗子”还是导师？】的评论 原来你也,原来你也认识她,🔴 确凿真实黑帖/负面攻击,明确针对清一/新教育发表负面攻击或投诉: 张清一是“骗子,骗子/洗脑/割韭菜控诉
63,评论区(楼中楼),张清一是“骗子”还是导师？,https://zhuanlan.zhihu.com/p/352573221,心兰如慧,beauty-wish,https://www.zhihu.com/people/beauty-wish,2022-12-13 00:22:28,0,HIGH,骗子/圈钱/洗脑/割韭菜/套路,关于文章【张清一是“骗子”还是导师？】的评论 我觉得我,我觉得我这没参加的都受益啦！这参加了也不能保证立马成仙，必经修之于身还是要有过程的,🔴 确凿真实黑帖/负面攻击,明确针对清一/新教育发表负面攻击或投诉: 张清一是“骗子,骗子/洗脑/割韭菜控诉
64,评论区(楼中楼),张清一是“骗子”还是导师？,https://zhuanlan.zhihu.com/p/352573221,azqz,azqz,https://www.zhihu.com/people/azqz,2023-02-06 14:29:09,0,HIGH,骗子/圈钱/洗脑/割韭菜/套路,关于文章【张清一是“骗子”还是导师？】的评论 张健柏树,张健柏树立的典型很多都不成功，吹过了。,🔴 确凿真实黑帖/负面攻击,明确针对清一/新教育发表负面攻击或投诉: 张清一是“骗子,骗子/洗脑/割韭菜控诉
65,评论区(楼中楼),张清一是“骗子”还是导师？,https://zhuanlan.zhihu.com/p/352573221,没事儿闲逛逛,qie-ting-feng-yin-31-40-36,https://www.zhihu.com/people/qie-ting-feng-yin-31-40-36,2024-01-09 10:02:34,0,HIGH,骗子/圈钱/洗脑/割韭菜/套路,关于文章【张清一是“骗子”还是导师？】的评论 弟子们众,"弟子们众星捧月，我身边有个沉迷于此不能自拔，十头牛都拉不回来，走不一样的路，有着自己的说辞。
主打的放下所有，降低欲望。
但是命好，没办法啊。",🔴 确凿真实黑帖/负面攻击,明确针对清一/新教育发表负面攻击或投诉: 张清一是“骗子,骗子/洗脑/割韭菜控诉
66,评论区(楼中楼),张清一是“骗子”还是导师？,https://zhuanlan.zhihu.com/p/352573221,楠楠,jian-dan-xiao-yu-21,https://www.zhihu.com/people/jian-dan-xiao-yu-21,2024-02-26 09:32:42,0,HIGH,骗子/圈钱/洗脑/割韭菜/套路,关于文章【张清一是“骗子”还是导师？】的评论 然后呢,"然后呢 捡钱而已 教育就是教育人捡钱么 
投资就是比实业更高贵么",🔴 确凿真实黑帖/负面攻击,明确针对清一/新教育发表负面攻击或投诉: 张清一是“骗子,骗子/洗脑/割韭菜控诉
67,评论区(楼中楼),张清一是“骗子”还是导师？,https://zhuanlan.zhihu.com/p/352573221,缘来,23-72-20-62,https://www.zhihu.com/people/23-72-20-62,2024-03-03 06:43:00,0,HIGH,骗子/圈钱/洗脑/割韭菜/套路,关于文章【张清一是“骗子”还是导师？】的评论 人活着，,人活着，无财不足以养道！😁🙏,🔴 确凿真实黑帖/负面攻击,明确针对清一/新教育发表负面攻击或投诉: 张清一是“骗子,骗子/洗脑/割韭菜控诉
68,评论区(楼中楼),张清一是“骗子”还是导师？,https://zhuanlan.zhihu.com/p/352573221,楠楠,jian-dan-xiao-yu-21,https://www.zhihu.com/people/jian-dan-xiao-yu-21,2024-03-03 10:02:37,0,HIGH,骗子/圈钱/洗脑/割韭菜/套路,关于文章【张清一是“骗子”还是导师？】的评论 然后张清 | ️ 手上可是干干净净 但是被他忽悠得出大错 家破人亡的 不在少数,"然后张清一养道了么？
满口不负责任的话
但是撇清责任的时候干干净净
也就是说 他会诱导你 蛊惑你 利用你的信任
但是会加一句 你自己负责 
🤷‍♀️
手上可是干干净净
但是被他忽悠得出大错 家破人亡的 不在少数",🔴 确凿真实黑帖/负面攻击,明确针对清一/新教育发表负面攻击或投诉: 张清一是“骗子,骗子/洗脑/割韭菜控诉
69,评论区(主评),张清一是“骗子”还是导师？,https://zhuanlan.zhihu.com/p/352573221,白冰,wan-ke-89,https://www.zhihu.com/people/wan-ke-89,2021-04-18 23:34:13,0,HIGH,骗子/圈钱/洗脑/割韭菜/套路,关于文章【张清一是“骗子”还是导师？】的评论 醉了，你,醉了，你们孩子都不要正经学历了？读这玩意儿？,🔴 确凿真实黑帖/负面攻击,明确针对清一/新教育发表负面攻击或投诉: 张清一是“骗子,骗子/洗脑/割韭菜控诉
70,评论区(楼中楼),张清一是“骗子”还是导师？,https://zhuanlan.zhihu.com/p/352573221,没事儿闲逛逛,qie-ting-feng-yin-31-40-36,https://www.zhihu.com/people/qie-ting-feng-yin-31-40-36,2024-01-09 10:04:53,0,HIGH,骗子/圈钱/洗脑/割韭菜/套路,关于文章【张清一是“骗子”还是导师？】的评论 你没看人,你没看人家这个14岁就比清华的牛逼，[语塞][飙泪笑],🔴 确凿真实黑帖/负面攻击,明确针对清一/新教育发表负面攻击或投诉: 张清一是“骗子,骗子/洗脑/割韭菜控诉
71,评论区(主评),张清一是“骗子”还是导师？,https://zhuanlan.zhihu.com/p/352573221,宁静,5-81-82-2,https://www.zhihu.com/people/5-81-82-2,2023-05-29 11:24:10,0,HIGH,骗子/圈钱/洗脑/割韭菜/套路,关于文章【张清一是“骗子”还是导师？】的评论 他们的英,他们的英语成绩也很差，这么多年今日本部只有3个人sat考到1400多，都是他们自吹自擂英语有多好的。他们还只学英语一个学科，每天学很多小时，都只有这点成绩。完全是吹的如何厉害。很多国际学校sat平均分都1500，所以这个教育完全是骗局，骗了很多钱。对学生更差，吃的是猪食，病了不去医院，拖着。运动量又很大，完全反智的教育。有很多孩子落下病根，甚至还有死掉的。太恐怖了，比监狱还恐怖，大家千万不要把孩子送来。学费却是8万至20万一年，很多家庭钱花了，时间浪费了，孩子没机会重来。我用生命担保，说的每一句话都真实。,🔴 确凿真实黑帖/负面攻击,明确针对清一/新教育发表负面攻击或投诉: 张清一是“骗子,骗子/洗脑/割韭菜控诉
73,评论区(楼中楼),张清一是“骗子”还是导师？,https://zhuanlan.zhihu.com/p/352573221,楠楠,jian-dan-xiao-yu-21,https://www.zhihu.com/people/jian-dan-xiao-yu-21,2021-08-23 07:44:04,0,HIGH,骗子/圈钱/洗脑/割韭菜/套路,关于文章【张清一是“骗子”还是导师？】的评论 所以不好,所以不好就是没吸收 反正你总是有理的,🔴 确凿真实黑帖/负面攻击,明确针对清一/新教育发表负面攻击或投诉: 张清一是“骗子,骗子/洗脑/割韭菜控诉
74,评论区(楼中楼),张清一是“骗子”还是导师？,https://zhuanlan.zhihu.com/p/352573221,雨花台,zhou-dong-55-62,https://www.zhihu.com/people/zhou-dong-55-62,2021-12-13 12:46:33,0,HIGH,骗子/圈钱/洗脑/割韭菜/套路,关于文章【张清一是“骗子”还是导师？】的评论 他们永远,他们永远是对的~~哈哈哈,🔴 确凿真实黑帖/负面攻击,明确针对清一/新教育发表负面攻击或投诉: 张清一是“骗子,骗子/洗脑/割韭菜控诉
76,评论区(楼中楼),张清一是“骗子”还是导师？,https://zhuanlan.zhihu.com/p/352573221,聪明的笨笨,cong-ming-de-ben-ben-47,https://www.zhihu.com/people/cong-ming-de-ben-ben-47,2022-05-11 09:24:14,0,HIGH,骗子/圈钱/洗脑/割韭菜/套路,关于文章【张清一是“骗子”还是导师？】的评论 人家受益,人家受益也是真实的，我们全家也很受益,🔴 确凿真实黑帖/负面攻击,明确针对清一/新教育发表负面攻击或投诉: 张清一是“骗子,骗子/洗脑/割韭菜控诉
77,评论区(楼中楼),张清一是“骗子”还是导师？,https://zhuanlan.zhihu.com/p/352573221,楠楠,jian-dan-xiao-yu-21,https://www.zhihu.com/people/jian-dan-xiao-yu-21,2022-11-18 00:37:28,0,HIGH,骗子/圈钱/洗脑/割韭菜/套路,关于文章【张清一是“骗子”还是导师？】的评论 鸦片还止,鸦片还止痛呢,🔴 确凿真实黑帖/负面攻击,明确针对清一/新教育发表负面攻击或投诉: 张清一是“骗子,骗子/洗脑/割韭菜控诉
78,评论区(楼中楼),张清一是“骗子”还是导师？,https://zhuanlan.zhihu.com/p/352573221,心兰如慧,beauty-wish,https://www.zhihu.com/people/beauty-wish,2022-12-13 00:20:01,0,HIGH,骗子/圈钱/洗脑/割韭菜/套路,关于文章【张清一是“骗子”还是导师？】的评论 如医生开,如医生开药，你不按方子抓药，说医生水平太有限,🔴 确凿真实黑帖/负面攻击,明确针对清一/新教育发表负面攻击或投诉: 张清一是“骗子,骗子/洗脑/割韭菜控诉
79,评论区(楼中楼),张清一是“骗子”还是导师？,https://zhuanlan.zhihu.com/p/352573221,楠楠,jian-dan-xiao-yu-21,https://www.zhihu.com/people/jian-dan-xiao-yu-21,2022-12-13 17:00:40,0,HIGH,骗子/圈钱/洗脑/割韭菜/套路,关于文章【张清一是“骗子”还是导师？】的评论 不知所云,不知所云,🔴 确凿真实黑帖/负面攻击,明确针对清一/新教育发表负面攻击或投诉: 张清一是“骗子,骗子/洗脑/割韭菜控诉
80,评论区(楼中楼),张清一是“骗子”还是导师？,https://zhuanlan.zhihu.com/p/352573221,楠楠,jian-dan-xiao-yu-21,https://www.zhihu.com/people/jian-dan-xiao-yu-21,2024-01-24 10:03:22,0,HIGH,骗子/圈钱/洗脑/割韭菜/套路、新教育争议/误人子弟/毁孩子/伪国学,关于文章【张清一是“骗子”还是导师？】的评论 意思是虽 | 师？】的评论 意思是虽然新教育害人 但是还有很多人没钱吃饭 所以,"意思是虽然新教育害人 但是还有很多人没钱吃饭 所以来关注新教育的是恶人 因为好人要去关注扶贫问题 
你要不要看看你在说什么",🔴 确凿真实黑帖/负面攻击,明确针对清一/新教育发表负面攻击或投诉: 张清一是“骗子,新教育误人子弟/毁孩子控诉
82,评论区(楼中楼),张清一是“骗子”还是导师？,https://zhuanlan.zhihu.com/p/352573221,楠楠,jian-dan-xiao-yu-21,https://www.zhihu.com/people/jian-dan-xiao-yu-21,2024-01-24 11:34:57,0,HIGH,骗子/圈钱/洗脑/割韭菜/套路、新教育争议/误人子弟/毁孩子/伪国学,关于文章【张清一是“骗子”还是导师？】的评论 你说了一 | 一下。 你的意思是清一无论是否害人 你都能对自己负责 所以他也就,"你说了一大堆
不知道你要表达什么。大姐，你能否清晰表达一下。
你的意思是清一无论是否害人
你都能对自己负责
所以他也就害不到你是吧。",🔴 确凿真实黑帖/负面攻击,明确针对清一/新教育发表负面攻击或投诉: 张清一是“骗子,新教育误人子弟/毁孩子控诉
83,评论区(楼中楼),张清一是“骗子”还是导师？,https://zhuanlan.zhihu.com/p/352573221,楠楠,jian-dan-xiao-yu-21,https://www.zhihu.com/people/jian-dan-xiao-yu-21,2024-01-24 11:40:39,0,HIGH,骗子/圈钱/洗脑/割韭菜/套路、新教育争议/误人子弟/毁孩子/伪国学,关于文章【张清一是“骗子”还是导师？】的评论 新教育如 | 别人人贩子害的，别人人贩子全是骗子和坏人。别盯着人贩子了，老实承 | 说： 您意思是，人贩子就是专门害人的，你就是被害的好人啰？我这辈,"新教育如果真的害了我 那我来质疑 揭发很正常
怎么了 在你眼里 人家害你
还要承认自己能力差？
人贩子害你
你还在家里自我检讨 说：
您意思是，人贩子就是专门害人的，你就是被害的好人啰？我这辈子最看不起不承担自己责任的人，不去提升自己，倒怪人贩子坏人太聪明？自己过得不好，那都是别人人贩子害的，别人人贩子全是骗子和坏人。别盯着人贩子了，老实承认自己不行，才是提升的第一步，而不是到处找坏人，骂人贩子，证明自己很无辜。您自己的生活过好没？别找借口！过好了再去抓人贩子",🔴 确凿真实黑帖/负面攻击,明确针对清一/新教育发表负面攻击或投诉: 张清一是“骗子,新教育误人子弟/毁孩子控诉
84,评论区(楼中楼),张清一是“骗子”还是导师？,https://zhuanlan.zhihu.com/p/352573221,楠楠,jian-dan-xiao-yu-21,https://www.zhihu.com/people/jian-dan-xiao-yu-21,2024-01-24 11:44:55,0,HIGH,骗子/圈钱/洗脑/割韭菜/套路、新教育争议/误人子弟/毁孩子/伪国学,关于文章【张清一是“骗子”还是导师？】的评论 而且有些 | 评论 而且有些人其实也不一定是骗子 只是认知错误 能力有限 飘了 | 为在拯救人 所以你说我骂某人是骗子 可能的确是我的不对 因为张某,"而且有些人其实也不一定是骗子
只是认知错误 能力有限
飘了
他都不知道自己在误导人
他以为在拯救人
所以你说我骂某人是骗子
可能的确是我的不对
因为张某人可能从来不觉得自己在骗人 反而觉得自己在做好事
但是效果呢 结果呢 
这个世界上 是只要振臂一呼 就完全不用为自己的行为负责了吗
还不用接受质疑
早期没骗
后期也没有？",🔴 确凿真实黑帖/负面攻击,明确针对清一/新教育发表负面攻击或投诉: 张清一是“骗子,骗子/洗脑/割韭菜控诉
87,评论区(楼中楼),张清一是“骗子”还是导师？,https://zhuanlan.zhihu.com/p/352573221,楠楠,jian-dan-xiao-yu-21,https://www.zhihu.com/people/jian-dan-xiao-yu-21,2024-01-24 13:31:14,0,HIGH,骗子/圈钱/洗脑/割韭菜/套路,关于文章【张清一是“骗子”还是导师？】的评论 没有骗过 | 】的评论 没有骗过你 代表不是骗子吗？😂 你的意思是他们骗了人,"没有骗过你 代表不是骗子吗？😂
你的意思是他们骗了人 只要没骗你就行了",🔴 确凿真实黑帖/负面攻击,明确针对清一/新教育发表负面攻击或投诉: 张清一是“骗子,骗子/洗脑/割韭菜控诉
88,评论区(楼中楼),张清一是“骗子”还是导师？,https://zhuanlan.zhihu.com/p/352573221,楠楠,jian-dan-xiao-yu-21,https://www.zhihu.com/people/jian-dan-xiao-yu-21,2024-01-24 13:31:40,0,HIGH,骗子/圈钱/洗脑/割韭菜/套路,关于文章【张清一是“骗子”还是导师？】的评论 哈哈哈,哈哈哈 还是说你很有能力 自动屏蔽了他骗你的地方,🔴 确凿真实黑帖/负面攻击,明确针对清一/新教育发表负面攻击或投诉: 张清一是“骗子,骗子/洗脑/割韭菜控诉
91,评论区(楼中楼),张清一是“骗子”还是导师？,https://zhuanlan.zhihu.com/p/352573221,楠楠,jian-dan-xiao-yu-21,https://www.zhihu.com/people/jian-dan-xiao-yu-21,2024-01-24 14:15:42,0,HIGH,骗子/圈钱/洗脑/割韭菜/套路、新教育争议/误人子弟/毁孩子/伪国学,关于文章【张清一是“骗子”还是导师？】的评论 哈哈哈哈 | 的评论 哈哈哈哈 免费和是否是骗子无关。不能说不要钱就没有客观上 | 不要钱就没有客观上害过你了。 骗子高明之处不是直接骗，是诱导。告,"哈哈哈哈
免费和是否是骗子无关。不能说不要钱就没有客观上害过你了。
骗子高明之处不是直接骗，是诱导。告诉你这个很简单 那个很简单。感冒了发烧很简单 生孩子很简单 黄疸很简单 投资很简单 当学霸很简单
但是人家又会加一句 你们自己负责
我只管传递哪怕是害人的东西 但我说了你们自己负责
你会发现他每句话都埋下了伏笔。你挑不出他的毛病
但是其实你仔细看
就会发现前后矛盾
具体分析 我已经和你说了
只是你不敢看。",🔴 确凿真实黑帖/负面攻击,明确针对清一/新教育发表负面攻击或投诉: 张清一是“骗子,新教育误人子弟/毁孩子控诉
92,评论区(楼中楼),张清一是“骗子”还是导师？,https://zhuanlan.zhihu.com/p/352573221,楠楠,jian-dan-xiao-yu-21,https://www.zhihu.com/people/jian-dan-xiao-yu-21,2024-01-24 14:18:44,0,HIGH,骗子/圈钱/洗脑/割韭菜/套路,关于文章【张清一是“骗子”还是导师？】的评论 他自己的,"他自己的孩子带得好 怎么了？难道没跟着他的孩子带得不好吗？
一定走他的路才是正道咯。
你提u兄干什么
u兄自己都可能理论是很大问题 
你确定你看懂了
还出家
好好的话不能说 每天都是这种莫名其妙的",🔴 确凿真实黑帖/负面攻击,明确针对清一/新教育发表负面攻击或投诉: 张清一是“骗子,骗子/洗脑/割韭菜控诉
93,评论区(楼中楼),张清一是“骗子”还是导师？,https://zhuanlan.zhihu.com/p/352573221,楠楠,jian-dan-xiao-yu-21,https://www.zhihu.com/people/jian-dan-xiao-yu-21,2024-01-24 14:20:18,0,HIGH,骗子/圈钱/洗脑/割韭菜/套路,关于文章【张清一是“骗子”还是导师？】的评论 那你又如,"那你又如何知道是学生没学好，不是老师的问题呢
其实你还是回避了一个问题
就是这个老师就是有问题的
只是你选择了自己负责来搪塞掉老师的问题
你并没有正视这个老师的言论可能有极大错误的 可能",🔴 确凿真实黑帖/负面攻击,明确针对清一/新教育发表负面攻击或投诉: 张清一是“骗子,骗子/洗脑/割韭菜控诉
94,评论区(楼中楼),张清一是“骗子”还是导师？,https://zhuanlan.zhihu.com/p/352573221,楠楠,jian-dan-xiao-yu-21,https://www.zhihu.com/people/jian-dan-xiao-yu-21,2024-01-24 14:23:11,0,HIGH,骗子/圈钱/洗脑/割韭菜/套路,关于文章【张清一是“骗子”还是导师？】的评论 你的确应,"你的确应该多跟u兄学学
他投资理念有重大缺陷
但至少人品是好的
知道自己错了 对不起信任自己的人
不像有的人 一味掩饰和推卸
你看看 他们新教育还有一个叫吴什么的
就说自己考了雅思
然后就觉得家里的其他人都应该学他去新教育
说他自己是活生生的例子
且不说去对不对
是不是得有个可行性分析？
当然如果去了 没出来
他又会说 我免费分享给你 我逼迫你了吗
你自己不行怪我咯[思考][思考][思考]",🔴 确凿真实黑帖/负面攻击,明确针对清一/新教育发表负面攻击或投诉: 张清一是“骗子,骗子/洗脑/割韭菜控诉
96,评论区(楼中楼),张清一是“骗子”还是导师？,https://zhuanlan.zhihu.com/p/352573221,楠楠,jian-dan-xiao-yu-21,https://www.zhihu.com/people/jian-dan-xiao-yu-21,2024-01-24 14:34:24,0,HIGH,骗子/圈钱/洗脑/割韭菜/套路,关于文章【张清一是“骗子”还是导师？】的评论 每个人好,每个人好好过自己的生活，有受益的继续受益，不受益的赶紧离开寻找适合自己的生活方式，有必要纠缠人贩子吗吗？自己不受益就要搞死人贩子，才善罢甘休？为什么就一定是人贩子不可以是家长的问题？ 若你生活不好，就原生家庭不好、人贩子害你，另一半害你、孩子不争气？我们才是这一切的根源啊！如果人贩子确实害了你，你有证据，就赶紧找法律咨询，不用生气，理性解决问题，非常OK,🔴 确凿真实黑帖/负面攻击,明确针对清一/新教育发表负面攻击或投诉: 张清一是“骗子,骗子/洗脑/割韭菜控诉
97,评论区(楼中楼),张清一是“骗子”还是导师？,https://zhuanlan.zhihu.com/p/352573221,楠楠,jian-dan-xiao-yu-21,https://www.zhihu.com/people/jian-dan-xiao-yu-21,2024-01-24 14:49:35,0,HIGH,骗子/圈钱/洗脑/割韭菜/套路,关于文章【张清一是“骗子”还是导师？】的评论 张某人就,"张某人就是利用财务自由 修行 躺赚等吸引了你们
再用大自然吸引力你们
让你们觉得在城市里难受
激发了骨子里想躺赚想看书学习 也就是好逸恶劳的本性
你们想自由 想财富 想自然
可是又不想付出
所以就向往着新教育
因为新教育能替你们解决棘手的孩子问题
那些苦活 高风险 的活谁干
谁让你每天有电用 有水用
有高铁坐 有飞机 有手机
你不管
只要你不干就行了
主打一个蹭字",🔴 确凿真实黑帖/负面攻击,明确针对清一/新教育发表负面攻击或投诉: 张清一是“骗子,骗子/洗脑/割韭菜控诉
98,评论区(楼中楼),张清一是“骗子”还是导师？,https://zhuanlan.zhihu.com/p/352573221,楠楠,jian-dan-xiao-yu-21,https://www.zhihu.com/people/jian-dan-xiao-yu-21,2024-01-24 14:51:13,0,HIGH,骗子/圈钱/洗脑/割韭菜/套路,关于文章【张清一是“骗子”还是导师？】的评论 那肯定啊,"那肯定啊 骂了 大家同仇敌忾 人贩子只能死路一条了。
也能警惕所有人
那你就继续骂你自己
然后人贩子会感谢你的
因为他们没错
他们还可以继续扩张",🔴 确凿真实黑帖/负面攻击,明确针对清一/新教育发表负面攻击或投诉: 张清一是“骗子,骗子/洗脑/割韭菜控诉
99,评论区(楼中楼),张清一是“骗子”还是导师？,https://zhuanlan.zhihu.com/p/352573221,楠楠,jian-dan-xiao-yu-21,https://www.zhihu.com/people/jian-dan-xiao-yu-21,2024-01-24 14:51:25,0,HIGH,骗子/圈钱/洗脑/割韭菜/套路,关于文章【张清一是“骗子”还是导师？】的评论 走偏了,走偏了 亲,🔴 确凿真实黑帖/负面攻击,明确针对清一/新教育发表负面攻击或投诉: 张清一是“骗子,骗子/洗脑/割韭菜控诉
100,评论区(楼中楼),张清一是“骗子”还是导师？,https://zhuanlan.zhihu.com/p/352573221,楠楠,jian-dan-xiao-yu-21,https://www.zhihu.com/people/jian-dan-xiao-yu-21,2024-01-24 14:57:29,0,HIGH,骗子/圈钱/洗脑/割韭菜/套路,关于文章【张清一是“骗子”还是导师？】的评论 对 如果,"对 如果有人打你一顿
你也要说 这是我的错 我不骂他 骂他也改变不了我被打的事实[思考]",🔴 确凿真实黑帖/负面攻击,明确针对清一/新教育发表负面攻击或投诉: 张清一是“骗子,骗子/洗脑/割韭菜控诉
101,评论区(楼中楼),张清一是“骗子”还是导师？,https://zhuanlan.zhihu.com/p/352573221,所谓高人皆为凡人,charly-53-8,https://www.zhihu.com/people/charly-53-8,2024-09-26 09:35:06,0,HIGH,骗子/圈钱/洗脑/割韭菜/套路,关于文章【张清一是“骗子”还是导师？】的评论 说得很棒,说得很棒，科技、服务和生活确实主打一个蹭，不躬身入局；赚钱主打一个在金融市场躺赚（山长自己的说法），至于钱是从培训课赚的还是股市赚的，靠猜。,🔴 确凿真实黑帖/负面攻击,明确针对清一/新教育发表负面攻击或投诉: 张清一是“骗子,骗子/洗脑/割韭菜控诉
102,评论区(主评),张清一是“骗子”还是导师？,https://zhuanlan.zhihu.com/p/352573221,香雪莲,chu-xue-hou-sheng,https://www.zhihu.com/people/chu-xue-hou-sheng,2022-09-03 23:51:31,0,HIGH,骗子/圈钱/洗脑/割韭菜/套路,关于文章【张清一是“骗子”还是导师？】的评论 最可悲的 | ？】的评论 最可悲的就是自己被骗子卖了了，还帮助骗子数钱。 | 的就是自己被骗子卖了了，还帮助骗子数钱。,最可悲的就是自己被骗子卖了了，还帮助骗子数钱。,🔴 确凿真实黑帖/负面攻击,明确针对清一/新教育发表负面攻击或投诉: 张清一是“骗子,骗子/洗脑/割韭菜控诉
103,评论区(楼中楼),张清一是“骗子”还是导师？,https://zhuanlan.zhihu.com/p/352573221,九尾小七,94-30-61-28,https://www.zhihu.com/people/94-30-61-28,2022-09-15 02:20:56,0,HIGH,骗子/圈钱/洗脑/割韭菜/套路,关于文章【张清一是“骗子”还是导师？】的评论 最可恨的 | 师？】的评论 最可恨的是还帮着骗子骗别人！,最可恨的是还帮着骗子骗别人！,🔴 确凿真实黑帖/负面攻击,明确针对清一/新教育发表负面攻击或投诉: 张清一是“骗子,骗子/洗脑/割韭菜控诉
104,评论区(楼中楼),张清一是“骗子”还是导师？,https://zhuanlan.zhihu.com/p/352573221,香雪莲,chu-xue-hou-sheng,https://www.zhihu.com/people/chu-xue-hou-sheng,2022-09-15 07:59:13,0,HIGH,骗子/圈钱/洗脑/割韭菜/套路,关于文章【张清一是“骗子”还是导师？】的评论 也许，他 | 还蒙在鼓里，他们的初心并不是帮骗子骗人，而是被洗脑后的自发行为， | 在鼓里，他们的初心并不是帮骗子骗人，而是被洗脑后的自发行为，就像,也许，他们自己都还蒙在鼓里，他们的初心并不是帮骗子骗人，而是被洗脑后的自发行为，就像邪教全能神信徒。只要还在他们还沉浸在那个抱团取暖，相互麻醉的氛围里，在清一山长拼凑的毒鸡汤持续加持下，基本是很难出离这个组织。非常邪恶的一个团体。,🔴 确凿真实黑帖/负面攻击,明确针对清一/新教育发表负面攻击或投诉: 张清一是“骗子,骗子/洗脑/割韭菜控诉
105,评论区(楼中楼),张清一是“骗子”还是导师？,https://zhuanlan.zhihu.com/p/352573221,没事儿闲逛逛,qie-ting-feng-yin-31-40-36,https://www.zhihu.com/people/qie-ting-feng-yin-31-40-36,2024-01-17 15:42:00,0,HIGH,骗子/圈钱/洗脑/割韭菜/套路,关于文章【张清一是“骗子”还是导师？】的评论 正文“机,正文“机缘巧合下”很奇怪啊！天下哪有这么多缘，即使有那也是“元”,🔴 确凿真实黑帖/负面攻击,明确针对清一/新教育发表负面攻击或投诉: 张清一是“骗子,骗子/洗脑/割韭菜控诉
106,评论区(主评),张清一是“骗子”还是导师？,https://zhuanlan.zhihu.com/p/352573221,刘晓红,she-de-wu-wei-zhou,https://www.zhihu.com/people/she-de-wu-wei-zhou,2021-02-24 14:56:53,0,HIGH,骗子/圈钱/洗脑/割韭菜/套路,关于文章【张清一是“骗子”还是导师？】的评论 我朋友家,我朋友家孩子也学习两年时间了，无论是体能、心性还是学习能力都获得了巨大突破！结果最经得起检验！,🔴 确凿真实黑帖/负面攻击,明确针对清一/新教育发表负面攻击或投诉: 张清一是“骗子,骗子/洗脑/割韭菜控诉
107,评论区(楼中楼),张清一是“骗子”还是导师？,https://zhuanlan.zhihu.com/p/352573221,香雪莲,chu-xue-hou-sheng,https://www.zhihu.com/people/chu-xue-hou-sheng,2022-09-15 20:01:00,0,HIGH,骗子/圈钱/洗脑/割韭菜/套路,关于文章【张清一是“骗子”还是导师？】的评论 我同事的,我同事的小孩就是这个学校的，体能好像有提升，但是综合能力一塌糊涂，并不是清一吹嘘的那样，一个品学兼优的孩子就这么废了。所谓经得起检验，那可能是你我的标准不同，也可能是你错误判断，你先观察那个孩子是不是已经产生了双重人格，再来下结论吧！同样是朋友或者同事身边的孩子，你说我是信你，还是信我身边亲眼所见呢？,🔴 确凿真实黑帖/负面攻击,明确针对清一/新教育发表负面攻击或投诉: 张清一是“骗子,骗子/洗脑/割韭菜控诉
108,评论区(楼中楼),张清一是“骗子”还是导师？,https://zhuanlan.zhihu.com/p/352573221,恋恋,lian-lian-43-53,https://www.zhihu.com/people/lian-lian-43-53,2022-09-15 22:52:20,0,HIGH,骗子/圈钱/洗脑/割韭菜/套路,关于文章【张清一是“骗子”还是导师？】的评论 我家也有,我家也有两孩子废了，心痛,🔴 确凿真实黑帖/负面攻击,明确针对清一/新教育发表负面攻击或投诉: 张清一是“骗子,骗子/洗脑/割韭菜控诉
109,评论区(楼中楼),张清一是“骗子”还是导师？,https://zhuanlan.zhihu.com/p/352573221,香雪莲,chu-xue-hou-sheng,https://www.zhihu.com/people/chu-xue-hou-sheng,2022-09-16 09:35:52,0,HIGH,骗子/圈钱/洗脑/割韭菜/套路,关于文章【张清一是“骗子”还是导师？】的评论 那是，我,那是，我看见同事的孩子都是如此心情，更别说是自己家的孩子了。同事两口子都是非常好的人，如今家庭面临崩溃，其中最大的原因就是这个孩子错入清一的教育骗局。从当初的信心满满，到如今的失魂落魄，真的让人感叹不已。,🔴 确凿真实黑帖/负面攻击,明确针对清一/新教育发表负面攻击或投诉: 张清一是“骗子,骗子/洗脑/割韭菜控诉
110,评论区(楼中楼),张清一是“骗子”还是导师？,https://zhuanlan.zhihu.com/p/352573221,香雪莲,chu-xue-hou-sheng,https://www.zhihu.com/people/chu-xue-hou-sheng,2022-11-01 12:23:53,0,HIGH,骗子/圈钱/洗脑/割韭菜/套路,关于文章【张清一是“骗子”还是导师？】的评论 嗯，这是,嗯，这是最让人痛心的事情。清一山长他们的评论都设置了，不让发表对他们不利的回复，其实这也是他心虚的表现。,🔴 确凿真实黑帖/负面攻击,明确针对清一/新教育发表负面攻击或投诉: 张清一是“骗子,骗子/洗脑/割韭菜控诉
111,评论区(楼中楼),张清一是“骗子”还是导师？,https://zhuanlan.zhihu.com/p/352573221,彷徨,pang-huang-31,https://www.zhihu.com/people/pang-huang-31,2023-04-21 09:43:30,0,HIGH,骗子/圈钱/洗脑/割韭菜/套路,关于文章【张清一是“骗子”还是导师？】的评论 大哥现在,大哥现在你们的孩子怎样了？回学校上学了嘛？,🔴 确凿真实黑帖/负面攻击,明确针对清一/新教育发表负面攻击或投诉: 张清一是“骗子,骗子/洗脑/割韭菜控诉
112,评论区(楼中楼),张清一是“骗子”还是导师？,https://zhuanlan.zhihu.com/p/352573221,玉米,86-81-58-53-17,https://www.zhihu.com/people/86-81-58-53-17,2023-10-22 16:20:00,0,HIGH,骗子/圈钱/洗脑/割韭菜/套路,关于文章【张清一是“骗子”还是导师？】的评论 那这个孩,"那这个孩子可能是自己不想提升
跟新教育无关",🔴 确凿真实黑帖/负面攻击,明确针对清一/新教育发表负面攻击或投诉: 张清一是“骗子,骗子/洗脑/割韭菜控诉
113,评论区(楼中楼),张清一是“骗子”还是导师？,https://zhuanlan.zhihu.com/p/352573221,楠楠,jian-dan-xiao-yu-21,https://www.zhihu.com/people/jian-dan-xiao-yu-21,2024-01-24 10:05:30,0,HIGH,骗子/圈钱/洗脑/割韭菜/套路,关于文章【张清一是“骗子”还是导师？】的评论 要体能,"要体能 你直接送去入伍是不是更好
还光耀门楣 还发工资
送去武校也行",🔴 确凿真实黑帖/负面攻击,明确针对清一/新教育发表负面攻击或投诉: 张清一是“骗子,骗子/洗脑/割韭菜控诉
114,评论区(主评),张清一是“骗子”还是导师？,https://zhuanlan.zhihu.com/p/352573221,lingling,lingling-88-43,https://www.zhihu.com/people/lingling-88-43,2021-02-24 15:12:02,0,HIGH,骗子/圈钱/洗脑/割韭菜/套路,关于文章【张清一是“骗子”还是导师？】的评论 我孩子在,我孩子在2020/9月通过夏令营进入新教育，9岁的一位小男孩由92斤变到72斤，由原来没有目标，依赖父母，胆小，自理能力弱，自控能力弱，变为目标感强，自控能力强（以前很喜欢吃零食，现在基本不迟，过年看到很多美食都自觉管住自己的嘴），每日三餐都是他煮的，还赶很多家务，自觉完成学堂安排的学习任务，自己有手机也是听英文歌和学习用，不玩手机游戏（以前在体制的时候都会与同学一起玩吃鸡游戏），运动能力也变强了，整个人的精气神也提升了，虽然不是在今日学堂或清一塾读书，但短短几个月已经有这么大的变化，过年身边的亲友都特别羡慕。希望新教育越办越好！我也会坚持走下去。,🔴 确凿真实黑帖/负面攻击,明确针对清一/新教育发表负面攻击或投诉: 张清一是“骗子,骗子/洗脑/割韭菜控诉
115,评论区(楼中楼),张清一是“骗子”还是导师？,https://zhuanlan.zhihu.com/p/352573221,宋兵乙,song-bing-yi-63,https://www.zhihu.com/people/song-bing-yi-63,2022-02-09 19:42:48,0,HIGH,骗子/圈钱/洗脑/割韭菜/套路,关于文章【张清一是“骗子”还是导师？】的评论 不会说话,不会说话就别说,🔴 确凿真实黑帖/负面攻击,明确针对清一/新教育发表负面攻击或投诉: 张清一是“骗子,骗子/洗脑/割韭菜控诉
116,评论区(楼中楼),张清一是“骗子”还是导师？,https://zhuanlan.zhihu.com/p/352573221,浮萍,hu-zhi-xiong-29,https://www.zhihu.com/people/hu-zhi-xiong-29,2022-02-15 10:56:43,0,HIGH,骗子/圈钱/洗脑/割韭菜/套路,关于文章【张清一是“骗子”还是导师？】的评论 别人说的,别人说的好像也没错,🔴 确凿真实黑帖/负面攻击,明确针对清一/新教育发表负面攻击或投诉: 张清一是“骗子,骗子/洗脑/割韭菜控诉
117,评论区(楼中楼),张清一是“骗子”还是导师？,https://zhuanlan.zhihu.com/p/352573221,不明真相的群众,bu-ming-zhen-xiang-de-qun-zhong-53,https://www.zhihu.com/people/bu-ming-zhen-xiang-de-qun-zhong-53,2022-02-20 13:48:45,0,HIGH,骗子/圈钱/洗脑/割韭菜/套路,关于文章【张清一是“骗子”还是导师？】的评论 你家的活,你家的活法伤害到一些人了。[大笑],🔴 确凿真实黑帖/负面攻击,明确针对清一/新教育发表负面攻击或投诉: 张清一是“骗子,骗子/洗脑/割韭菜控诉
118,评论区(楼中楼),张清一是“骗子”还是导师？,https://zhuanlan.zhihu.com/p/352573221,楠楠,jian-dan-xiao-yu-21,https://www.zhihu.com/people/jian-dan-xiao-yu-21,2023-08-25 13:30:49,0,HIGH,骗子/圈钱/洗脑/割韭菜/套路,关于文章【张清一是“骗子”还是导师？】的评论 这有什么,这有什么呢？我在当年读重点中学的时候，比你说的还要懂事多少倍。那又怎么样？教育又不是专门教人搞这个。,🔴 确凿真实黑帖/负面攻击,明确针对清一/新教育发表负面攻击或投诉: 张清一是“骗子,骗子/洗脑/割韭菜控诉
119,评论区(楼中楼),张清一是“骗子”还是导师？,https://zhuanlan.zhihu.com/p/352573221,玉米,86-81-58-53-17,https://www.zhihu.com/people/86-81-58-53-17,2023-10-22 16:18:24,0,HIGH,骗子/圈钱/洗脑/割韭菜/套路,关于文章【张清一是“骗子”还是导师？】的评论 这才是真,"这才是真正的新教育
我就是新教育的学生
希望你的孩子越来越好",🔴 确凿真实黑帖/负面攻击,明确针对清一/新教育发表负面攻击或投诉: 张清一是“骗子,骗子/洗脑/割韭菜控诉
121,评论区(楼中楼),张清一是“骗子”还是导师？,https://zhuanlan.zhihu.com/p/352573221,楠楠,jian-dan-xiao-yu-21,https://www.zhihu.com/people/jian-dan-xiao-yu-21,2023-12-25 10:44:37,0,HIGH,骗子/圈钱/洗脑/割韭菜/套路,关于文章【张清一是“骗子”还是导师？】的评论 教育是让,"教育是让一个人提高生产效率，出一个雷军 马斯克 就是教育的成功，而不是是不是自己洗衣服。是不是干家务。新教育因为没有成功案例 就专门提这些乖宝宝。
我读书时 我是全宿舍最勤快的，洗澡洗衣服总看不到同寝室的人
他们有的家庭条件好 直接投币洗衣机 吃穿用度都不错。
你猜人家现在过得好不好。",🔴 确凿真实黑帖/负面攻击,明确针对清一/新教育发表负面攻击或投诉: 张清一是“骗子,骗子/洗脑/割韭菜控诉
122,评论区(楼中楼),张清一是“骗子”还是导师？,https://zhuanlan.zhihu.com/p/352573221,楠楠,jian-dan-xiao-yu-21,https://www.zhihu.com/people/jian-dan-xiao-yu-21,2023-12-25 10:46:32,0,HIGH,骗子/圈钱/洗脑/割韭菜/套路,关于文章【张清一是“骗子”还是导师？】的评论 你对成功,"你对成功的标准走偏了。成功是发掘潜力，创新，不是在这里搞军事化训练，内务做得好不好，饭做得快不快。其实就是新教育没有足够的能力，所以用“会做事”来糊弄你，而你的确可能得个乖宝宝，但你孩子的潜在的能力，有机会发掘吗
新教育在理科方面有好老师吗 有资源吗",🔴 确凿真实黑帖/负面攻击,明确针对清一/新教育发表负面攻击或投诉: 张清一是“骗子,骗子/洗脑/割韭菜控诉
123,评论区(楼中楼),张清一是“骗子”还是导师？,https://zhuanlan.zhihu.com/p/352573221,AndyEnder,andyender,https://www.zhihu.com/people/andyender,2024-06-17 10:19:54,0,HIGH,骗子/圈钱/洗脑/割韭菜/套路,关于文章【张清一是“骗子”还是导师？】的评论 饭都不会,饭都不会做，还当啥人呐[白眼]。如果想让人提高生产效率，你应该让他去学技术,🔴 确凿真实黑帖/负面攻击,明确针对清一/新教育发表负面攻击或投诉: 张清一是“骗子,骗子/洗脑/割韭菜控诉
124,评论区(楼中楼),张清一是“骗子”还是导师？,https://zhuanlan.zhihu.com/p/352573221,楠楠,jian-dan-xiao-yu-21,https://www.zhihu.com/people/jian-dan-xiao-yu-21,2024-07-05 15:57:42,0,HIGH,骗子/圈钱/洗脑/割韭菜/套路,关于文章【张清一是“骗子”还是导师？】的评论 哈哈 所,"哈哈 所以体制教育的短处仅仅是不教人做饭嘛 那好办啊 三个月寒暑假家长教一下撒
人家只是没教 没说不让你教  还鼓励孩子做家务
但所谓新教育的坑 是你家长能补的么
你拿几十万 去读书 他告诉你他的优势不是学技术是做家务？？？？？？
和着技术不值钱 新东方烹饪值钱？？",🔴 确凿真实黑帖/负面攻击,明确针对清一/新教育发表负面攻击或投诉: 张清一是“骗子,骗子/洗脑/割韭菜控诉
125,评论区(楼中楼),张清一是“骗子”还是导师？,https://zhuanlan.zhihu.com/p/352573221,朵朵,duo-duo-52-41-84,https://www.zhihu.com/people/duo-duo-52-41-84,2024-07-16 11:14:32,0,HIGH,骗子/圈钱/洗脑/割韭菜/套路,关于文章【张清一是“骗子”还是导师？】的评论 对于孩子,对于孩子以后没有学籍，在社会怎样立足， 你想过吗？我也是想让孩子走新教育这条路，目前最担心的就是孩子以后没有学籍，踏入社会后的路有些担心。,🔴 确凿真实黑帖/负面攻击,明确针对清一/新教育发表负面攻击或投诉: 张清一是“骗子,骗子/洗脑/割韭菜控诉
126,评论区(楼中楼),张清一是“骗子”还是导师？,https://zhuanlan.zhihu.com/p/352573221,自知者明,ren-zai-lu-tu-46-66,https://www.zhihu.com/people/ren-zai-lu-tu-46-66,2025-09-19 14:45:52,0,HIGH,骗子/圈钱/洗脑/割韭菜/套路,关于文章【张清一是“骗子”还是导师？】的评论 如何了现,如何了现在,🔴 确凿真实黑帖/负面攻击,明确针对清一/新教育发表负面攻击或投诉: 张清一是“骗子,骗子/洗脑/割韭菜控诉
127,评论区(楼中楼),张清一是“骗子”还是导师？,https://zhuanlan.zhihu.com/p/352573221,文成武德张,93-55-89-13,https://www.zhihu.com/people/93-55-89-13,2025-10-08 06:28:37,0,HIGH,骗子/圈钱/洗脑/割韭菜/套路,关于文章【张清一是“骗子”还是导师？】的评论 娃今年应,娃今年应该14岁，现在怎样了？再过4年18岁准备怎么办？,🔴 确凿真实黑帖/负面攻击,明确针对清一/新教育发表负面攻击或投诉: 张清一是“骗子,骗子/洗脑/割韭菜控诉
128,专栏文章,"张
清一山长
十大""反常识""，凑齐一套能去天桥说相声",https://zhuanlan.zhihu.com/p/2073863526649802865,箴茅,50-36-55-23-76,https://www.zhihu.com/people/50-36-55-23-76,,19,HIGH,假武术/无实战能力/花架子、骗子/圈钱/洗脑/割韭菜/套路,"郎""。 江湖传言徐晓东曾把传武假大师轰出门。张清一比那些挨揍的""太 | 传武假大师轰出门。张清一比那些挨揍的""太极大师""高明之处，在于他 | 太极大师""高明之处，在于他不必上擂台——他筑了座文辞戏台，自己扮山","在知乎搜""张清一""，画风很迷：一边是家长跪谢""教育界的袁隆平""，一边是脱粉帖细数今日学堂怎么把娃教到自考兜底。 把山长博客和知乎转帖摊开一看，这位武大哲学硕士、自封""家""级人物（教育一家、武术一家、中医一家、金融一家）的雄文里，反常识浓度高得能当伪科学标本册。挑十条最经典的，陪诸位吃瓜。
其一，怕丑就会真变丑，信""吸引力法则""包治容颜。 山长郑重告诉我们：女子心中恐惧""丑""，就会""很快变老变丑""，连思维都让人敬而远之。这味儿熟，不就是 《秘密》+ 《水知道答案》的二手鸡汤？理科生圈早把吸引力法则归为伪科学，纯属幸存者偏差加记忆过滤。 按这逻辑，整容医生该改行卖励志书。
其二，西医不会治病，慢性病全靠悟道。 ""西医不关心病从哪来，逻辑上不合理""""人类跟细菌住了几万年为啥没死光""——山长据此宣判现代医学在慢病面前无能。 可世卫组织和柳叶刀的流行病学数据并不认这套：疫苗、抗生素、透析、靶向药没救过人？朱莉切乳腺是有 BRCA 基因量化风险，不是算命。把外科急症那句""手砍断了西医有用""当施舍，大师慷慨似菩萨。
其三，真中医自己不得病，得病就是庸医。 他骂中风老中医""连自己都治不好，怎救别人""，又说""懂中医根本不会中风""。 合着扁鹊、华佗、张仲景都得活到九十九，否则 《伤寒论》自动作废。按这标准，牛顿得痛风→经典力学失效；山长头发白过→哲学硕士证书该收回。
其四，文科是垃圾，体制培养""奴""和""徒""。 山长把社会人分七等：奴徒工匠师家圣，外加第八等""废物混蛋垃圾人""，顺手把送孩子进新教育的家长归到第八等，说自己带的是""师家圣""大礼包。 武大若听见校友把人文社科统称为垃圾，估计想把电气楼那块匾摘了重刻""工科净土""。
其五，儿童半年学完九年数学，三四个月雅思通关。 今日学堂宣称 12-15 岁搞思维写作，突破班孩子""四个月突破英语""，家长在知乎吹 10 岁娃双语演讲。可真拿成绩单？SAT 1500、常青藤录取，喊了多年没落地；离校学生多数回体制走自考或国际学校自救。 秘方永远在下一期课程里。
其六，传武打泰拳拿世界冠军，山长以""文人太极""驭之。 2025 年成都世运会有个叫刘晓慧（木兰明晓）的姑娘拿女子泰拳（外卡）金牌，清一系立马封神：""中国第一个用太极打泰拳的世界冠军""。 仔细看：选手 16 岁起专项泰拳八个月、常驻清迈泰拳馆实战三年，太极是底色不是擂台技。把泰拳奖牌贴到太极拳脸上，相当于用麦当劳炸鸡获奖，宣布""中式炒菜征服全球快餐业""。
其七，""我命由我不由天""，你生病是你当小白鼠。 山长训话：治病不主动主宰，就是任医生喂药的小白鼠。 可他自己当年扬言带学生去美国治癌症、顺手颠覆西医，至今查无此病案。 命由我不由天，天由山长解释。
其八，社会分八层，山长自居""家""，弟子皆准精英。 那套""奴徒工匠师家圣+废物""的金字塔，配合""新教育出来的是国礼级第三性女性""，读着像 《晋江修仙文》设定。 现实是：清迈木兰班、今日三语学校、磨丁校区，孩子退学后不少得重新自学对接高中。 精英滤镜碎一地，山长解释权永远归山长。
其九，搬砖抹地治多动症，模仿成功学演讲治自卑。 学堂心理行为训练：皮的孩子去搬砖除草降燥气，自卑的去练武加演讲成功学。 这叫""事上磨练""还是把儿童当行为矫正实验兔？至少循证教育学不认""搬砖=专注力训练""这条因果链。
其十，长篇＝真理，谁质疑谁是被洗脑的奴。 山长每篇博文万字起步，先否掉全社会，再引 《道德经》自转，落点到""跟我学慧心课""。知乎网友总结得俏：长文是权威感流水线，不是论证。 真有干货的人，费曼讲得清；讲不清的，靠字数吓人。
十条摆完，山长形象也从""横空出世的道术大家""退化为穿长衫、捋虚须、在知乎评论区跟人辩""你这奴级思维""的舞台丑角。不是说他早年对应试教育的批评全无道理——高考工厂确有病灶；可拿病灶当跳板，贩伪科学、分等级、神化自家拳与钱，这就不是教育家，是把 《读者》摘抄、《秘密》残页、武侠旁白和传销话术炖一锅的""知识地摊货郎""。
江湖传言徐晓东曾把传武假大师轰出门。张清一比那些挨揍的""太极大师""高明之处，在于他不必上擂台——他筑了座文辞戏台，自己扮山长，观众交学费坐前台，退票的被划入""第八等人""。只是戏台再大，也改不了后台那点事：泰拳姑娘的金牌、删不掉的早期博文、离校娃的自考准考证，才是较真的票友。
知乎老话：先问是不是，再问为什么。山长反过来——先封你为奴，再问你配不配提问。这路数，天桥相声演员都不敢这么使，怕砸挂。",🔴 确凿真实黑帖/负面攻击,"明确针对清一/新教育发表负面攻击或投诉: 清一比那些挨揍的""太 | 传武假大师",假武术/无实战能力质疑
129,专栏文章,"清一
新教育｜与清一邪教抗争到底的不是口舌之争，而是法律武器",https://zhuanlan.zhihu.com/p/2069563878569202287,守望者,zhivh8zilf,https://www.zhihu.com/people/zhivh8zilf,,21,HIGH,骗子/圈钱/洗脑/割韭菜/套路、新教育争议/误人子弟/毁孩子/伪国学,组织，口舌争辩难以撼动这套封闭洗脑体系，和它长久博弈，依靠的从来 | 法行径，所有侵害未成年人、敛财洗脑的不法事实终会被逐一查实。秉持 | 清一 新教育｜与清一邪教抗争到底的不是口舌之争，而是法,"对这个毫无廉耻的组织，口舌争辩难以撼动这套封闭洗脑体系，和它长久博弈，依靠的从来不是空谈道理，而是严明的法律准绳。
该组织借教育外衣非法办学、精神操控、大肆敛财，还辗转多地、转移境外规避监管，仅凭言语辩驳无法戳破层层伪装。我们收集受害者证据、梳理资金链条、递交举报线索，全程循着法律轨道稳步前行。
维权从无捷径，我们早已做好长久坚持的准备：一年未果便坚守两年，两年漫长就守候五年。纵使它刻意拖延、辗转藏匿，法律不会纵容违法行径，所有侵害未成年人、敛财洗脑的不法事实终会被逐一查实。秉持耐心久久为功，终将依靠法治力量斩断其灰色链条，守护无数家庭与孩子本该安稳的人生。",🔴 确凿真实黑帖/负面攻击,明确针对清一/新教育发表负面攻击或投诉: 清一邪教,骗子/洗脑/割韭菜控诉
130,评论区(主评),"清一
新教育｜与清一邪教抗争到底的不是口舌之争，而是法律武器",https://zhuanlan.zhihu.com/p/2069563878569202287,茅箴,mao-zhen-21,https://www.zhihu.com/people/mao-zhen-21,2026-08-10 09:11:53,0,HIGH,骗子/圈钱/洗脑/割韭菜/套路,舌之争，而是法律武器】的评论 骗子们早就不知什么廉耻了，要不上课 | 上课问“什么是良知”[捂嘴]。骗子就一个想法，不管儿童死活，就是 | 关于文章【清一 新教育｜与清一邪教抗争到底的不是口舌之争，而是法,骗子们早就不知什么廉耻了，要不上课问“什么是良知”[捂嘴]。骗子就一个想法，不管儿童死活，就是掏空你的口袋。,🔴 确凿真实黑帖/负面攻击,明确针对清一/新教育发表负面攻击或投诉: 清一邪教,骗子/洗脑/割韭菜控诉
131,评论区(楼中楼),"清一
新教育｜与清一邪教抗争到底的不是口舌之争，而是法律武器",https://zhuanlan.zhihu.com/p/2069563878569202287,来时路,v4m5qh,https://www.zhihu.com/people/v4m5qh,2026-08-17 11:09:47,0,HIGH,骗子/圈钱/洗脑/割韭菜/套路,关于文章【清一 新教育｜与清一邪教抗争到底的不是口舌之争，而是法,违背法律的“良知”还能叫良知？,🔴 确凿真实黑帖/负面攻击,明确针对清一/新教育发表负面攻击或投诉: 清一邪教,骗子/洗脑/割韭菜控诉
132,评论区(主评),"清一
新教育｜与清一邪教抗争到底的不是口舌之争，而是法律武器",https://zhuanlan.zhihu.com/p/2069563878569202287,FAFN,fafa-54-68-60,https://www.zhihu.com/people/fafa-54-68-60,2026-08-16 23:46:01,0,HIGH,骗子/圈钱/洗脑/割韭菜/套路,存在也要帮清一新教育主理人夫妻骗人骗钱。 这群人在行恶事，但他们 | 关于文章【清一 新教育｜与清一邪教抗争到底的不是口舌之争，而是法 | 事，在修行！ 清一新教育妥妥的邪教本质哪,"如夫妻之间对于送孩子入读清一教育的非法学校这件事情上出现意见不统一，一方不同意另一方把“夫妻共同财产”作为学费交给伪清一新教育“基金会”这种让教主赚不到便宜的事，新教育组织就怂恿信众离婚、离家、离开“能量不同频”、“低能量”的另一半（其他家长以过来人身份分享其“成功经验”）。
总而言之就是宁可劝离婚、拆散家庭，也要把家庭财富送进老脏夫妇的腰包里，哪怕信众们明知道清一新教育基金会不存在也要帮清一新教育主理人夫妻骗人骗钱。
这群人在行恶事，但他们却自我催眠觉得自己能量高，在做着正确的事，在修行！
清一新教育妥妥的邪教本质哪",🔴 确凿真实黑帖/负面攻击,明确针对清一/新教育发表负面攻击或投诉: 清一邪教,骗子/洗脑/割韭菜控诉
136,评论区(主评),"清一
新教育的功与过：美好愿景下的残酷真相",https://zhuanlan.zhihu.com/p/2037887676087542321,稀有人类,xi-you-ren-lei-21,https://www.zhihu.com/people/xi-you-ren-lei-21,2026-06-18 04:14:10,0,HIGH,骗子/圈钱/洗脑/割韭菜/套路,好愿景下的残酷真相】的评论 搞洗脑骗钱，然后跑路海外[飙泪笑] | 景下的残酷真相】的评论 搞洗脑骗钱，然后跑路海外[飙泪笑],搞洗脑骗钱，然后跑路海外[飙泪笑],🔴 确凿真实黑帖/负面攻击,明确针对清一/新教育发表负面攻击或投诉: 命中清一负面关联,骗子/洗脑/割韭菜控诉
141,回答正文,,https://www.zhihu.com/answer/2070118434818593073,箴茅,50-36-55-23-76,https://www.zhihu.com/people/50-36-55-23-76,,19,HIGH,骗子/圈钱/洗脑/割韭菜/套路,度堪比街头卖完大力丸就跑的江湖骗子。 李敖要是活着，大概会这么说 | 其实很简单：前者是“高端出海版传销”，后者是“本土封闭版传销”。 | 海版传销”，后者是“本土封闭版传销”。 老板分别是张清一（张健柏,"答主：在教育圈踩过坑的人
谢邀，懒得展开，直接说透。
很多人分不清“清一新教育”和“如是书院”，其实很简单：前者是“高端出海版传销”，后者是“本土封闭版传销”。 老板分别是张清一（张健柏）和如平（赖泽明），两人没血缘关系，但收割逻辑一模一样：用“脱离体制”当诱饵，用“国学/精英”当滤镜，拿家长的焦虑当现金流。
先看清一系。张口闭口“颠覆K12”，其实就是让孩子去考美国的GED（高中同等学历考试）。这玩意儿原本是给没读完高中的成年人补证的，到了张大师嘴里就成了“碾压中美高考的神迹”。更别说那“百万共建费”，两百个孩子就是两个亿现金池。这钱买的是什么？是让家长自我感动的“爱国精英”人设，是切断孩子学籍后的“断尾求生”，以及一张大概率指向东南亚某特区、随时可能被当地执法部门清场的“单程票”。
再看最近翻车的“如是书院”。老板如平是个老熟人，2001年就因非法经营（传销）蹲过两年。出狱后换了个“国学导师”的马甲，专收厌学、抑郁的孩子。手法很糙但有效：收手机、收身份证、戒尺打手、关小黑屋“调整”。新昌县联合调查组已经进驻，但最讽刺的是，这种把“体罚”包装成“爱的棒喝”的作坊，居然能年收十几万学费，还被家长当成“救命稻草”。
两者的核心都在“控制”。张清一用“GED神话”忽悠高净值人群，如平用“戒尺管教”吓唬绝望家长。但剥开画皮，底色全是BITE模型：行为控制（退学、搬砖）、信息控制（屏蔽外界）、思维控制（独创话术）、情绪控制（制造愧疚）。
最恶心的是对生命的漠视。网上传九岁女童因零食被“调整”致死，虽未见官方通报，但光“十一岁男孩大太阳下搬砖打磨燥气”、“十六七岁‘2.0老师’上岗执教”这些实锤，已经足够触目惊心。张清一在关善祥事件后光速切割，冷血程度堪比街头卖完大力丸就跑的江湖骗子。
李敖要是活着，大概会这么说：“这哪是教育？这是把你的孩子放进一个没有出口的玻璃罐，外面贴着‘精英培养皿’，里面灌满了导师的贪婪和家长的无知。”
真正的教育，从不要求你下跪，也不收百万“臣服费”。凡是让你退学籍、断联系、无条件服从某个“大师”的，全是骗局。如今如是书院被查，张清一在磨丁风雨飘摇，这不仅仅是两家机构的倒掉，更是对所有“教育传销”的一次预警：别拿孩子当小白鼠，否则反噬的，终将是你自己的晚年。",🔴 确凿真实黑帖/负面攻击,明确针对清一/新教育发表负面攻击或投诉: 张清一在关善祥事件后光速切割，冷血程度堪比街头卖完大力丸就跑的江湖骗子,骗子/洗脑/割韭菜控诉
