用户昵称,url_token,主页链接,一句话介绍,粉丝数,知乎总回答数,知乎总文章数,累计命中负面言论数,是否多帖持续攻击,全网历史攻击言论摘要
蔡凯琪,qu-qi-51-61,https://www.zhihu.com/people/qu-qi-51-61,战狼今日塾教师,646,4,13,5,⚠️ 是 (频繁攻击),[article] 讲台与擂台：最好的教育，是我亲自上场: 折。 这一次赵校长，和我一起走上擂台 二、身体的淬炼｜拉胯的体能和 | 静下心来思索，我也没找到必须站上擂台的理由。 我的本职是一名教师， | 是一个冷静的人。 所以，我想站上擂台，直面我内心的胆怯、焦虑与慌乱 || [article] 清一新教育 刘晓慧传武夺金！清一武道馆的另一面 成长记录【3】: 甘、委屈、抱怨的情绪所控，做出害人害己的事情。 所以，我一定要很 || [article] 清一新教育 公主夏令营观摩记录 教学记录【3】: 多欲求不满的人践踏，被那些真正误人子弟的人抹黑！ 在清黑交战的日子里 || [article] 我怎样才能成为第二个黄小燕: ，是不是一个浪荡、愚蠢、贪婪的诈骗犯。 不需要你同意。 法院、政 || [pin] 想法_1935756894774986714: 蛋，你毁人慧命！我今天发现你是骗子，原来你就是这么骗你身边的人的
山长 清一,shan-chang-qing-yi,https://www.zhihu.com/people/shan-chang-qing-yi,文人格斗 传武实战第一人 清一大学创办人,44646,276,614,57,⚠️ 是 (频繁攻击),[answer] 男子省吃俭用 20 年攒下 789 万，6 天被骗子全部转空，带来哪些警示？: 年攒下 789 万，6 天被骗子全部转空，带来哪些警示？ 其实 || [answer] 太极拳是练陈氏好？还是杨氏好？: 单的呀？ 如果你想学的是体操，套路。你喜欢什么就学什么吧！ 如果 | 了！ 因为现在这些太极都变体操套路了。不是啥传武，就是体操！ 古 | 招。等你练出来之后，自己会创编套路的。根本不用去学啥套路！ 一招 || [answer] 古天乐坚持十年每天只吃一顿饭，这种饮食习惯是否健康？: 多格斗拳手都所谓的现代营养学给忽悠了，大量吃肉，吃海鲜（白肉）等 || [answer] 已知传统武术实战不如现代搏击，但相对来说哪一种传武更厉害点?: 体育部门才会这样玩，所谓的武术套路比赛！ 古代是拿命来为你的技术 || [answer] 杨家三十二目中的《八五十三势长拳解》明明说“万不得有一定之架子”，为什么现在都在练套路？: 以为某个动作招式就是太极，就是骗人的！ 太极云手不是某一个具体的 | 一定之架子”，为什么现在都在练套路？ 太极无招。 真正的古传太极 | 社会的主流？ 这不奇怪：因为教套路可以赚钱。看得见变化。数得出招
明晓-文人格斗,ming-xiao-99-62,https://www.zhihu.com/people/ming-xiao-99-62,泰拳世界冠军 | 藤校26fall,2151,1,89,7,⚠️ 是 (频繁攻击),[article] 当别人卷学业时，我用“非标路径”考上了美本Top20: 在讲自己多么多么厉害。  一是吹牛会让人反感和抵触，二是罗列成就 | 么样的人”的机会。 很多中介会忽悠说课外活动多么多么重要，然后让 || [article] 从清一武道馆到世运会冠军：我最感恩的那位贵人: 外宣传的诺言，证明了师父并没有吹牛。本来上次世锦赛我非常期待能够 || [article] 《白虎》电影课总结: 层人缺的就是钱。这也是影片希望误导人的地方，也是大多数穷人相信的 || [article] 2025年3月25日 日记: 方。2）没有去考虑对方的后手能不能打到我，有时会为了防住前手而把身 | 了好的能量。如果你因为怕而不敢上擂台，或者因为怕受伤而不敢练了，这 || [article] 2025年2月21日 日记: 毒药在哪里？饺子是在哪里“战略忽悠”我们观众的？ 我其实几年前就 | 但同时我们要注意哪些地方不要被毒害： 1、哪吒 哪吒几乎是所有男
易轩,liu-yuan-68-60-72-33,https://www.zhihu.com/people/liu-yuan-68-60-72-33,同之又同，众妙之门,1769,74,496,20,⚠️ 是 (频繁攻击),[answer] 你读过哪些令你有跪感的书？: 恨。在他看来，没结婚的女人都是骗子，所以自己完全有权利去骗她们— || [answer] 中国式父母对孩子最残忍的伤害是什么？: 8日 山长咨询案例解析2:警惕毁掉孩子的七大绝招！ 四、真正的爱：让 || [answer] 什么样的人会拥有大财富？: 25.7.16日 思考黄小鸟的洗脑：如何才能拥有自己真正的创造性 | 会把这些钱丢入水里，成为被商家忽悠消费的笨蛋！他用手机非常省，上 || [answer] 人在迷茫时该干什么？: 国内的人都不了解这个，说马云是骗子。这一路上经历了很多坎坷，但马 || [answer] 人生应该活成什么样子，该以什么样的方式活着？: 其不完美的一面。习惯性的甩锅和嘴炮，去攻击、污蔑，却从来不反省自
卡尔不能忍,qia-er-bu-neng-ren,https://www.zhihu.com/people/qia-er-bu-neng-ren,人类灵魂的观察者,480,2870,8,10,⚠️ 是 (频繁攻击),[answer] 中国的小偷为什么断崖式地下降？: 下降？ 转行了。 你猜为啥现在骗子这么多。。。 || [answer] 中国的小偷为什么断崖式地下降？: 下降？ 转行了。 你猜为啥现在骗子这么多。。。 || [answer] 网友称豆包误导老人断指泡生理盐水致终生残疾，这种情况下豆包要担责吗？手指受伤正确处理方法应该是怎样？: 网友称豆包误导老人断指泡生理盐水致终生残疾， || [answer] 俞岱岩终身残废，是都大锦的错吗？: 不住 有错只是小错而已 这就是邪教和正派的区别 前者只要不开心随 || [answer] 什么是西格玛男人？: 什么是西格玛男人？ 一群屌丝的自嗨而已，因为没有能力吸引女人，就
英俊叔,ying-jun-shu-80,https://www.zhihu.com/people/ying-jun-shu-80,华尔街电影,64,41,0,5,⚠️ 是 (频繁攻击),[answer] 如何看待网文作者“狗娃子天一”因编写销售淫秽书籍被法院判处有期徒刑十年半？: 是制定者为规则有效施实而进行的洗脑。做为被制定者，你可以服从他（ || [answer] 如何用法律保护自己的权益？: ，起诉。 但如果这人真如你说是骗子的话，估计起诉了也不一定执行到 || [answer] 加拿大魁北克投资移民的要求有哪些啊，适合哪类人群呢？: 呢？ 上面的人全都是托或者说是骗子。 1、魁省至少要花22万投资 | 右，别听中介宣传的两三年，都是骗人的，有四五年过的，也有七八年过 || [answer] 法律人如何看待「在庭审中有保留辩论，观点留在代理词中论证」的诉讼技巧？: 小技巧。 绝大多数案子按正常按套路走，少别出心裁。 实在机会渺茫 || [answer] 如何有效聘请好律师？: 没有定量就谈定性容易造成一定的误导。 找律师基本要考虑三样：收费
不见子都,peng-bao-sheng-a,https://www.zhihu.com/people/peng-bao-sheng-a,,94,64,0,10,⚠️ 是 (频繁攻击),[answer] 为什么跆拳道要学各种品势？: 要学各种品势？ 跆拳道品势就是套路，跟中国的武术套路、空手道的“ | 拳道品势就是套路，跟中国的武术套路、空手道的“型”本质上是一样的 | “型”本质上是一样的。 我认为套路的意义在于，将本派的所有技术动 || [answer] 大家帮我看看我是不是遇到黑心跆拳道道馆了?: 其实都无所谓，只要不是收费很高骗钱。当然如果想从事这方面工作的话 || [answer] 文人是不是都不擅长体育运动？为什么大家对文人普通印象是体弱？: 个学校还在玩跆拳道特技、打武术套路的时候，剑道社、巴西柔术社这种 || [answer] 现在我应该学习什么种类的格斗技了？: 会下降，又不是武侠小说的世界，神功大成就可以当一辈子高手了。 || [answer] 大学选修跆拳道课，老师说考试上85分能申请6级8级证书，国家级的，要交钱，这个证有啥用吗？感觉像骗钱？: 要交钱，这个证有啥用吗？感觉像骗钱？ 不用怀疑，骗不骗钱性质都差 | ？感觉像骗钱？ 不用怀疑，骗不骗钱性质都差不多 首先大学体育选修
长沙实之兄,wx0197fe7aa3866d9c,https://www.zhihu.com/people/wx0197fe7aa3866d9c,修齐治平,631,83,86,37,⚠️ 是 (频繁攻击),[answer] 中国传统武术是花拳绣腿，还是神功绝技？: 中国传统武术是花拳绣腿，还是神功绝技？ 真传武几近失 | 中国传统武术是花拳绣腿，还是神功绝技？ 真传武几近失传矣！ || [article] 倪海厦倪师讲：血痣是怎么回事？: 所谓的过敏或者无关紧要的诊断所误导，看清真相，采取行动。你的身体 || [article] 清一新教育|如何塑造一份完美履历？普通人逆袭哈佛耶鲁的道路！: 生。都是只学了三年左右，就可以上擂台打实战比赛了，已经有多人获得了 | 战格斗技巧和知识！我相信将来走上擂台后，这些武道心法的体验学习，会 | 学习武术两年之后，人生第一次走上擂台，与泰国的职业拳手进行了一场真 || [article] 清一新教育|幸福秘诀就是不贪吃，并远离贪吃的人！: 只吃稀饭馒头就行了！偶尔小小的毒害一下自己，吃一点点垃圾食品。但 | 品。但绝对不会像你们一样，天天毒害自己！下手还特别的狠！ || [article] [转载]家父81岁大面积脑梗百日康复实录: 那些什么都不问，仅靠把脉就瞎蒙忽悠的，不是什么高手。6.看传承不
梁庆文,24-26-81-91,https://www.zhihu.com/people/24-26-81-91,明心学堂老师，华中科技硕士在华为干过，美国混过，青年发明家…,87,0,7,0,否,
任惠一,qin-xi-xi-29-92,https://www.zhihu.com/people/qin-xi-xi-29-92,教育探索者,116,93,0,0,否,
Ella清一公主NO.1,ella-58-3-14,https://www.zhihu.com/people/ella-58-3-14,第一个在泰拳世界锦标赛上为中国升起国旗的女子,3571,7,164,22,⚠️ 是 (频繁攻击),[answer] 接受张清一先生免费供养的学生们，你拿什么来回馈恩人？请在此处留贴，说说你收获的喜悦和成长？: 第一战，满脸的不可置信，我竟然上擂台了，还把对手KO了！ 心性上— | 压力的，真话总是不如利益集团，骗子会给人好感觉，会哄人的） 我看 || [article] 传武公主的荣誉心VS传武混混的江湖气: 对徐某做出任何像样的回应，传武不能打的名声反而越来越大。山长为了捍 | 尊重！ 对我来说：练了传武，走上擂台去击败世界冠军，是 我想要为国 | 就击败我们这些冠军的山长，真的打不过S某吗？因为我看S某也就一其貌 || [article] 人生打卡文案（更新至2026年8月）: 得到机会），进行了2个月的武术套路和基本功训练，在厦门参加国际武 || [article] 3个月的闭关，会带来怎样的变化？——冠军一班澄心营收官纪: 书，我就感到有点崩溃” “因为不能打电话，我会有点想妈妈和妹妹了. || [article] 11.27 马上就要比赛啦！: 诲，我会带着喜悦和突破的心态走上擂台，在比赛中体验爱，创造，还有m
进击的清粉,wei-miao-shi-15,https://www.zhihu.com/people/wei-miao-shi-15,欢迎投稿，展现新教育的实力与魅力，反击各种心机黑、无脑黑 ~,1435,1,28,15,⚠️ 是 (频繁攻击),[answer] 你眼中的清一新教育和今日学堂？: 为山长当年做生意时，会遇到很多骗子，被一些人骗了之后，山长就很想 | 了之后，山长就很想找到如何识破骗子的方法。山长说，他认为这个世界 | 难道我曾经相信的东西，原来都是骗人的？！再叠加青春期逆反，本来就 || [article] 清一新教育  |  顶着“天下第一”的盛名，就一定是一所好学校吗？—— 今日塾到底是一所什么样的学校？: 神依然在她身上燃烧，只要有机会上擂台打锦标赛，她就会非常开心。今年 | ，不吃不喝了。 但她还是坚持要上擂台——原来是为了兑现跟学生重返擂 | 实：新教育既不是骗子，也没有在吹牛；新教育学生要上名校，不是高攀 || [article] 慧心黑关课总结（下）：佛陀悟到了“色即是空”，为什么不坐化圆寂？开悟的人生与无明的人生有什么不同？: 代圣贤都加以印证过，肯定不会是骗人的。所以，要是能够领悟到，一定 || [article] 清一新教育 | 海底捞打工日记：职场小白勇闯深水江湖: 非常不值得尊重，那就是没钱还爱吹牛X的客人。 有一天，一个客人来 | 他坐着的时间里 ，一直要拉着人吹牛X。据此，我个人推测，这人是没 | 子，所以来海底捞找找面子， 吹吹牛X。最后，此人因为一直没钱买单 || [article] 清一新教育 | 本周清粉文章精选（9.21-9.27）——头条：精英和牛马有何不同？: 物？还有第三种选择是什么？ 被诈骗、被收割、被榨干……牛马的命运
过俊杰,guo-jun-jie-65-74,https://www.zhihu.com/people/guo-jun-jie-65-74,入世修道,829,0,45,8,⚠️ 是 (频繁攻击),[article] 清一新教育| 高级财富课上的“思维炼金”: ，你吸引来的往往不是成功，而是骗子——因为骗子最擅长包装“看上去 | 往往不是成功，而是骗子——因为骗子最擅长包装“看上去很美”的捷径 || [article] 学习心得#6 一滴番茄酱引发的【与神对话】: 教与你们的相悖，你们就会称它为邪教。如果有某个想法与你们相左，你 || [article] 学习心得#3  热爱错误，拥抱神的信息: 、也正在被利益集团收割注意力、洗脑，其实内心并不喜悦。所以要拒绝 || [pin] 想法_2070142366871303659: 训练就自动有成果吗？我想这是在忽悠人，就像幻想躺床上就可以拿到世 || [pin] 想法_1909530875755987159: 实我写日记的核心目标就是“自我洗脑” —— 把《与神对话》中对我
陶梦泽,91-49-70-20-89,https://www.zhihu.com/people/91-49-70-20-89,云梦掌中小，武陵花处迷。暝还归骑下，萝月映深溪。,262,5,0,0,否,
守望者,zhivh8zilf,https://www.zhihu.com/people/zhivh8zilf,,254,15,74,72,⚠️ 是 (频繁攻击),[answer] 传销犯变身「国学大师」创办如是书院暴力管教孩子，浙江开启调查，这个书院为啥能横行多年？反映出哪些问题？: 传销犯变身「国学大师」创办如是书院 || [answer] 清一新教育｜当你走入新教育，人生有哪些收获？: 会、反人性、无合法注册、摧残、洗脑、言论控制、网络暴力、个人崇拜 | 以培训班、疗愈等名义非法集会、洗脑、敛财、非法利益输送。 | 。 近两年从发展来看，愈来愈有邪教的特征。包括“反社会、反人性、 || [answer] 你心目中的魔教是什么样子的？: 会、反人性、无合法注册、摧残、洗脑、言论控制、网络暴力、个人崇拜 | 谣。 知乎平台上就有一个：清一邪教。 | 言论控制、网络暴力、个人崇拜、敛财、造谣。 知乎平台上就有一个： || [answer] 清一义塾～采用低价招生策略和三年免淘汰机制，是否构成对外围学堂的不正当竞争？: 、与体制对接等等，仅仅守着清一邪教道路的学堂注定走向消亡，这才是 || [answer] 接受张清一先生免费供养的学生们，你拿什么来回馈恩人？请在此处留贴，说说你收获的喜悦和成长？: 收获的喜悦和成长？ 在张清一和邪教女教母的眼里，“供养”是和施舍
小王,44-38-5-63-41,https://www.zhihu.com/people/44-38-5-63-41,职业打假20年，只做正确的事,8,1,0,0,否,
行云流水,97-69-19-5,https://www.zhihu.com/people/97-69-19-5,,119,7,2,23,⚠️ 是 (频繁攻击),[answer] 清一新教育明志塾怎么样？: 清一新教育明志塾怎么样？ 非法办学机构，属于被张健柏淘汰的仍然执 || [answer] 那个很高调宣扬自己是传武实战第一人的牛保国，为什么不敢答应逸尘的挑战，这是什么原因？: 这是什么原因？ 他二十多年不断吹牛，除了鼓了自己的钱包，耽误了无 | 能摆擂台，要不然真的会像雷雷和马保国那样被揍得狼狈不堪，就像201 || [answer] 如何评价以张健柏为首，英子为打手的境外反动邪教组织。？: 健柏为首，英子为打手的境外反动邪教组织。？ 不用评价，只要在中文 || [article] 蠢粉的逻辑: 灵）反目才说出某人的人格分裂和骗子一枚的真相。至于每一件事有没有 | 些在国外上学的孩子，父母被老张忽悠把孩子从国外弄回来上学的有几个 || [pin] 想法_2069893530512798052: 用证据用法律消灭以教育为名的邪教团体。
chedaka,zhou-jian-fu,https://www.zhihu.com/people/zhou-jian-fu,,31,13,0,0,否,
箴茅,50-36-55-23-76,https://www.zhihu.com/people/50-36-55-23-76,打假清一邪教,121,1,15,18,⚠️ 是 (频繁攻击),"[answer] 有亲历者，客观地谈谈你了解的清一新教育吗？: 度堪比街头卖完大力丸就跑的江湖骗子。 李敖要是活着，大概会这么说 | 其实很简单：前者是“高端出海版传销”，后者是“本土封闭版传销”。 | 海版传销”，后者是“本土封闭版传销”。 老板分别是张清一（张健柏 || [article] 张清一山长十大""反常识""，凑齐一套能去天桥说相声: 郎""。 江湖传言徐晓东曾把传武假大师轰出门。张清一比那些挨揍的""太 | 传武假大师轰出门。张清一比那些挨揍的""太极大师""高明之处，在于他 | 太极大师""高明之处，在于他不必上擂台——他筑了座文辞戏台，自己扮山 || [article] 张大仙与刘半仙: 以孩童为质，以理想为饵，行盘剥诈骗之实？今日在下之言语，或逆耳， | 充作尔等的肉盾！此非教育，此乃邪教！此非育人，此乃毁人！利用孩童 | 育'？分明是拿孩童前程，做尔等敛财的赌注！"" 刘半仙急道：""你这 || [article] 怎么看“清一新教育”和最近翻车的“如是书院”？一张画皮，两套马甲，同一套收割逻辑: 度堪比街头卖完大力丸就跑的江湖骗子。 “这哪是教育？这是把你的孩 | 其实很简单：前者是“高端出海版传销”，后者是“本土封闭版传销”。 | 海版传销”，后者是“本土封闭版传销”。 老板分别是张清一（张健柏 || [article] 怎么判断灵修班的“臣服”是让你自由，还是在给你洗脑？看完这篇少交几十万智商税: “臣服”是让你自由，还是在给你洗脑？看完这篇少交几十万智商税 答 | 你“臣服于我（导师）”的，全是邪教雏形；只有教你“臣服于当下”的 | 来越依赖某人、越来越没钱，那是传销。 千万别搞反了。任何让你下跪"
来时路,v4m5qh,https://www.zhihu.com/people/v4m5qh,,85,2,0,2,⚠️ 是 (频繁攻击),[pin] 想法_1934888108635174416: 174416 一个需要让女学生上擂台，用血肉之躯来为自己“证明清白 || [pin] 想法_1931363379601180223: 23 额，还是别这么绝对吧，被洗脑的人也是受害者    说说，你
红太阳,38-80-49-72-61,https://www.zhihu.com/people/38-80-49-72-61,,1,0,0,0,否,
德鲁伊,deluyi-6-91-4,https://www.zhihu.com/people/deluyi-6-91-4,,120,10,17,12,⚠️ 是 (频繁攻击),[answer] 传销头目出狱办「国学书院」体罚学生，此类机构为何屡禁不止？: 老挝，继续干起来非法办学和玄学诈骗的勾当！ | 传销头目出狱办「国学书院」体罚学生 | 现在跑到了境外老挝，继续干起来非法办学和玄学诈骗的勾当！ || [article] 清一新教育|“清一义塾”对外话术与现实的极致反差: 差异进行对比看一看着背后的收割套路吧。 一、 宣传：公益义塾、低 | 务团队，纯粹家长社群，没有商业套路，家长互相扶持成长。 现实反差 || [article] 老挝琅南塔省人民法院商业法庭判决执行日子里回忆那名9岁女孩的血书: 局面，与张校长刘某夫妻长期自我神化密不可分。张校长曾在公开场合多 || [article] 输不起系列之五：陆鸽、冯月茹在本次马来西亚泰拳世锦赛的参赛身份打假: 真实信息，请仔细辨别，谨防上当受骗！ || [article] 某教主用苏辙《老子解》出题授课的套路预告: 制造认知自卑-->闭环传播循环洗脑 ”的老套路中去了。 最后，引 | 教主用苏辙《老子解》出题授课的套路预告 作为一个古文读书爱好者， | 用苏辙《老子解》用于国学教育的套路。 首先，我们去了解北宋大家苏
再也不见,20-14-28-60,https://www.zhihu.com/people/20-14-28-60,请关注事件本身,95,6,0,16,⚠️ 是 (频繁攻击),[answer] 传销头目出狱变「国学大师」开书院，虐待学员被刑拘，暴露了哪些问题？: 传销头目出狱变「国学大师」开书院， | 至默许极端管教。 三、给家长的避雷建议 核实资质：查询民政局、教 || [answer] 传销犯变身「国学大师」创办如是书院暴力管教孩子，浙江开启调查，这个书院为啥能横行多年？反映出哪些问题？: 割、隐蔽的监管套利与严密的组织洗脑共同作用的结果。 翻看资料，总 | 区。 · 组织严密，复刻传销式洗脑：通过没收手机、身份证切断外界 | 传销犯变身「国学大师」创办如是书院 || [answer] 张清一的清一圈都是采取了哪些风险隔离措施，来确保其在历次危机中都能平稳度过危机并且发展壮大？: --- 法律与政策风险隔离：因非法办学多次被取缔，多次搬迁，根据内部 | 治”，曾经的校长黄小燕声明反对非法办学，实现创始人与学校的物理及法律 || [pin] 想法_2074133485158143075: 谤罪：通常为“自诉案件”，需被害人自己向法院起诉。但若“严重危害 || [pin] 想法_2073795790762525791: 要来源。 而新教育圈孩子被深度洗脑，他们还有能力对老师，对家长产
Bxzx,bao-xian-chao-shi-18765752931,https://www.zhihu.com/people/bao-xian-chao-shi-18765752931,,111,90,8,38,⚠️ 是 (频繁攻击),[answer] 张清一的清一圈都是采取了哪些风险隔离措施，来确保其在历次危机中都能平稳度过危机并且发展壮大？: 击！ 现在又跑东南亚，重复国内套路！ 撒谎+正面对抗+游击战术 || [answer] 什么样的人会做到毫无保留的去完成每一件事？: 毫无保留的去完成每一件事？ 被洗脑的人才可以 || [answer] 什么样的人会做到毫无保留的去完成每一件事？: 毫无保留的去完成每一件事？ 被洗脑的人才可以 || [answer] 普通人遭遇电商虚假宣传，证据齐全却拿不到赔偿，维权真的只有靠打官司吗？: 普通人遭遇电商虚假宣传，证据齐全却拿不到赔偿，维权真 || [answer] 报名了培训机构并上了课还可以退钱吗？: 报名了培训机构并上了课还可以退钱吗？ 你买了衣服穿烂了能退吗？
冯敬东,feng-jing-dong-39,https://www.zhihu.com/people/feng-jing-dong-39,创造真正的我,2388,106,51,14,⚠️ 是 (频繁攻击),[answer] 世界运动会使用中国传武的刘晓慧夺得 48 公斤级女子泰拳冠军，这有哪些重要意义？: 还问当地人，海灯大师的一指禅是骗人的吗？ 我总觉得，拳理说的有道 | 很合拍。 那么多人，中国人都是骗人的？ 出了那么多事，我始终不愿 | 多事，我始终不愿意相信内家拳是骗人的。 所以，山长说练太极，武夺 || [answer] 进了个股票群，这些都是骗子吗？: 进了个股票群，这些都是骗子吗？ 百分之九十九九九八十一的 || [answer] 胡锡进炒股，他说只要我不卖股票，就不会被割韭菜，这句话有没有道理呢？: ，他说只要我不卖股票，就不会被割韭菜，这句话有没有道理呢？ 有些道 || [article] 【转】熊杰，金桔乡杀人事件: 分裂。 田叔告诉我，熊杰和别人吹牛，说，他开千人大课，百人大课， | 人都忘记了，熊杰的身份，来磨丁诈骗之前，他首先杀人了。 你们很多 | 他的说法。 现实是，他杀人，他诈骗，他每一次的念头都是想如何获得 || [article] 清一新教育 | 高级财富课第一课: 终都会亏损。谁教技术分析谁就是骗子。 三，基本面分析。以企业为对
心教育,chen-miao-fen-59-54,https://www.zhihu.com/people/chen-miao-fen-59-54,关注学习清一新教育，做源头智慧的搬运工。,2384,81,1444,10,⚠️ 是 (频繁攻击),[answer] 鸡同鸭讲是一种什么样的体验？: 的特色，适不适合用这些老掉牙的套路语言来表达，要不要去说那么多废 || [answer] 如何辟谷？ 求辟谷的相关经验分享: 崇拜。这些人扮演高人，来配合你演戏，满足众生的妄念和需要，其实也 | 的“大师”。其实不是别人有什么神功，而是自己本来就有这个“神力” || [answer] 如何评价《卧虎藏龙》？: 会做事，而且很不“懂事”，只会吹牛，是超级自恋的表现；儒家不管别 | 他，只会笑话他是一个疯子，是个吹牛大王，爱作秀的虚伪之徒。真正做 || [answer] 请问可以推荐一下女性题材电影吗？: 的做事，而且一定要真诚，绝不能骗人，我们这边最不能接受虚伪的人。 | 能拿着这个牌子去混日子、到外面忽悠人， 而必须很踏实、很低调的做 || [answer] 有哪些小众且精彩的武侠电影？: 》进行对比。让我进一步了解了真假武术之间的区别和自己武学思维的局限 | 种拳的。那么，为什么在国内遍地假武术和冒牌大师的情况下，像山长这样 | 爱好者一样，天天梦想着练成盖世神功，殊不知完全走错了路。而 山长
王小花,92-33-68-79,https://www.zhihu.com/people/92-33-68-79,清一新教育终身学习和跟随者、服务者,130,0,31,5,⚠️ 是 (频繁攻击),[article] 清一新教育｜爱是一种宝贵的能力: 的能力才配拥有婚姻和后代，免得害人害己。 || [article] 清一新教育｜财商课第一天收获: 。 金钱人格和财富思维： 金钱骗子人，财富毁灭人格，消费者，一直 || [article] 清一新教育｜我眼中的清一山长: 听邻居说起的，我觉得这怕不是个骗子，我邻居怎么看着好像被洗脑了一 | 是个骗子，我邻居怎么看着好像被洗脑了一样，说她是清粉，而且她很多 || [pin] 想法_2061807713508766551: 713508766551 熊杰诈骗犯！熊杰杀人犯！恶人应该得到应 || [pin] 想法_2056097894734751496: 4751496 熊杰黄小燕是大骗子！熊杰黄小燕是诈骗犯！ | 杰黄小燕是大骗子！熊杰黄小燕是诈骗犯！
罗红梅,xi-yun-91-1,https://www.zhihu.com/people/xi-yun-91-1,清一新教育践行者,429,0,41,0,否,
FAFN,fafa-54-68-60,https://www.zhihu.com/people/fafa-54-68-60,,99,3,2,29,⚠️ 是 (频繁攻击),[answer] 清一 山长?为什么关注不了了?: 山长?为什么关注不了了? 大忽悠的账号名字是： 「山长 清一」 | 一 山长?为什么关注不了了? 大忽悠的账号名字是： 「山长 清一」 || [answer] 请问有人了解，张清一和今日学堂吗，怎么样？: 育圈子就是邪教 关键是您们圈地自嗨，自产自销不行吗？非得出来祸害 | 上中学(不是衡中)，结果家长被洗脑之后就把孩子弄成这样了，他本人 | 时间，也就是那时候小 被已经被洗脑的父母忽悠进去了 现在已经出来 || [article] 岳不群的幻影基金会到底存在过吗？: ”。原来真相是--她是绿茶，是骗子，是贪婪的不可救药的人(要用她 || [article] 知友说资本家的故事很精彩。剧本可以拍成20集。继续向下写: 不爱钱的”。 第二，单纯善良，洗脑洗的彻底，觉得资本家的平台最美 || [pin] 想法_2072610530674619852: ，不做产检，自己接生！再给信徒洗脑：如果因为相信了山长出了事情， | 30674619852 老脏的邪教推行无脑在家生娃，不做产检，自
爱丽丝泡泡,zhou-ying-82-53,https://www.zhihu.com/people/zhou-ying-82-53,,22,9,0,1,否,[pin] 想法_1936478951980643669: 被迫服从集体意志。 📌假性改善误导：孩子因恐惧表现出短暂服从，家
覺清,jue-qing-27-81,https://www.zhihu.com/people/jue-qing-27-81,知行合一，学习者到行动者，索求者到付出者,217,75,267,16,⚠️ 是 (频繁攻击),[answer] 如何建立自身的信念?: 难接受真正的教育。但人很容易被忽悠和欺骗！也许，人就是喜欢自己骗 || [answer] 想要相对系统地了解道德自然主义，该读些什么书呢？: 不是为了买东西，而是看他们怎么骗人的”。 广告和营销“挖空心思， || [answer] 躺平真的会毁掉年轻人吗？: 亲不理解自己，自己学习其实也是忽悠母亲……即使留学，也不会去学习 || [answer] 三河市广告牌风波说明了什么？: 次上面能够收到的估计只剩下彼此忽悠的冷冰冰的“收到”二字…… 但 || [answer] 《摔跤吧！爸爸》里有哪些细节让你感触很深？: 两个女儿语言上的攻击，打起来却打不过，可能在家他爸妈的模式也是如此
涤尘,charlychy,https://www.zhihu.com/people/charlychy,上班只为与社会连接，对社会有贡献；,122,0,7,3,⚠️ 是 (频繁攻击),[article] 鉴别真假股神精简版，及商学院值得去吗？: 明其真实的投资能力和投资实力。嘴炮谁都会，模拟仓和手工账本与真实 || [article] 清一山长所在的新教育圈一直以来股神倍出，那该怎样鉴别真假呢？: 明其真实的投资能力和投资实力。嘴炮谁都会，模拟仓和手工账本与真实 | 来投资失败，被股东和跟随者追着退钱还钱，股市号称重仓其实只有少量 | 脸。        另外，因为误导投资一些小市值股票，让一些无脑 || [pin] 想法_1887205907651343747: ，和尚，尼姑，方士或各类教派、邪教与神棍专职人员）。存在即合理， | ，尼姑，方士或各类教派、邪教与神棍专职人员）。存在即合理，没有贬 | 理，没有贬低他们的意思，这里面敛财圣手不少。因为社会上总有些人需
宋传军,yu-shi-ju-jin-38-37,https://www.zhihu.com/people/yu-shi-ju-jin-38-37,老老实实做事、做人,110,5,1,1,否,[article] 张清一是“骗子”还是导师？: 在观望，看看这个清一山长会怎么吹牛，反正对我也没多大损失。 | 张清一是“骗子”还是导师？ 五年时间验证“骗 | 子”还是导师？ 五年时间验证“骗子”        2012年的
紫陌红尘,72-48-82-10,https://www.zhihu.com/people/72-48-82-10,,45,6,1,4,⚠️ 是 (频繁攻击),[answer] 请问有人了解，张清一和今日学堂吗，怎么样？: 人的地方，特别是经过山长高大上洗脑式的营销，让人觉得不上新教育就 | 都是“大饼”所迷惑，只是因为被洗脑，自身都不是专业的老师，纯属散 || [answer] 今日学堂、新教育、清一大学少年班，家长认为怎么样？有家长的声音吗？: 深受其害，山长个人以教育为名，敛财上亿，找各种噱头作为营销手段， | 个人利益，希望不要再有家长上当受骗，也希望有关教育部门彻查 || [answer] 清一大学究竟是一所什么样的大学？: 英，天天鼓吹的精英教育，真的是敛财的手段，希望不要再有人被蒙蔽了 | 一所什么样的大学？ 现在很多被忽悠的人慢慢的在觉醒，新教育快二十 || [answer] 今日学堂，怎么样？有经历吗？: 人的地方，特别是经过山长高大上洗脑式的营销，让人觉得不上新教育就
小知求学,he-zhen-77-79,https://www.zhihu.com/people/he-zhen-77-79,教师,7,1,0,0,否,
AndyEnder,andyender,https://www.zhihu.com/people/andyender,,1,1,0,0,否,
自知者明,ren-zai-lu-tu-46-66,https://www.zhihu.com/people/ren-zai-lu-tu-46-66,,90,4,2,26,⚠️ 是 (频繁攻击),[article] 只有无知的父母，才会将孩子的大量时间花在英语学习上，语文和数学才是最重要的，思维和逻辑，为啥不让学: 孩子思维混乱，逻辑不通，容易被洗脑受骗，他们只学英语。 只有无知 | 思维混乱，逻辑不通，容易被洗脑受骗，他们只学英语。 只有无知的父 | 能会做出本末倒置的行为，甚至是误导孩子的价值观，到头来反而会害了 || [pin] 想法_2074904621588530080: 关系变和谐了，这么多成功案例是骗人的？成功人士会被骗？”或“你说 | 正常人的逻辑是由因得出果，而被洗脑者在相关方面是由果得出因。他们 | 人进行辩论。在这种前提下，对被洗脑者晓之以理是完全没有效果的。例 || [pin] 想法_2074895473622701648: 层级返利来驱动销售，而是通过 洗脑方式，使学员获得极大的精神满足 | 汤、甚至加上邪教等“乱炖”下的洗脑术。 说白了，精神传销就是用集 | 上课和心理暗示的方式，先给学员洗脑，让学员的三观和认知脱离正常人 || [pin] 想法_2074872982921597350: 孩子的教育问腿。像这种传销式的洗脑教育，囚禁虐待式的粗暴教育，是 | 72982921597350 传销犯变身「国学大师」创办如是书院 | 衷于研究孩子的教育问腿。像这种传销式的洗脑教育，囚禁虐待式的粗暴 || [pin] 想法_2074852739704677383: 统文化名义。优秀传统文化被这群骗子给摸黑了，这是罪大恶极。
海 CHike,23-58-54-11,https://www.zhihu.com/people/23-58-54-11,,11,22,0,0,否,
Yeonjun,xiao-mi-zi-10-84,https://www.zhihu.com/people/xiao-mi-zi-10-84,来看我主页了？放下手中的屠刀，卸载软件就见不到我了，神会救你,3,13,0,0,否,
香雪莲,chu-xue-hou-sheng,https://www.zhihu.com/people/chu-xue-hou-sheng,职员,62,30,1,9,⚠️ 是 (频繁攻击),[answer] 怎么评价今日学堂？: 今日学堂？ 张清一熟悉怎样对人洗脑，说好听一点是一个精明且包装得 | 灵鸡汤，对家长进行狂轰滥炸式的洗脑。本来这个今日学堂和我无关，是 | 是图者，说难听一点就是一个江湖神棍。他非常清楚家长们对孩子的期望 || [answer] 请问一线新教育国际今日学堂怎样，孩子能上吗？: 着，美其名曰共同成长，这是他们忽悠手法之一，非常简单也很凑效。只 || [answer] 请问有人了解，张清一和今日学堂吗，怎么样？: 个造神的邪教，利用教育招牌进行洗脑，让体验。再利用资本的力量搞所 | 日学堂吗，怎么样？ 一个造神的邪教，利用教育招牌进行洗脑，让体验 || [answer] 张清一今日学堂走出的学生在做什么？: 不了以后的落魄，一个误人子弟的邪教式团体。 | ，根本掩盖不了以后的落魄，一个误人子弟的邪教式团体。 || [answer] 那个叫什么NLP总裁商战科学的课程算是传销吗？: 么NLP总裁商战科学的课程算是传销吗？ 就是忽悠人的骗局，没啥用 | 战科学的课程算是传销吗？ 就是忽悠人的骗局，没啥用。看起来高大上 | 没啥用。看起来高大上，其实就是忽悠。
楠楠,jian-dan-xiao-yu-21,https://www.zhihu.com/people/jian-dan-xiao-yu-21,,536,276,0,4,⚠️ 是 (频繁攻击),[answer] 《还珠格格》小燕子闯了那么多祸，为啥皇阿玛总是轻易原谅她？: 她也坏得坦荡 紫薇说你怎么能骗人呢 小燕子没爹没娘 去打工都是 || [answer] 《还珠格格》小燕子闯了那么多祸，为啥皇阿玛总是轻易原谅她？: 她也坏得坦荡 紫薇说你怎么能骗人呢 小燕子没爹没娘 去打工都是 || [answer] 家里不是很富裕，但很喜欢苹果手机，真的要拿全部工资去买吗？: 又听一个早期在华强北工作的同事忽悠说nova比苹果还好用，又是一 || [answer] 我姐被家暴数次，还不离婚，我们如何才能劝动她离婚？？: 预计以后也不会少。姐夫还告诉你套路。吃定了。 然后你和老爸的做法
心悦诚服,16-4-75-36-33,https://www.zhihu.com/people/16-4-75-36-33,,5,0,0,0,否,
好吧,yang-guang-32-19-17,https://www.zhihu.com/people/yang-guang-32-19-17,,10,0,0,0,否,
雨花台,zhou-dong-55-62,https://www.zhihu.com/people/zhou-dong-55-62,工程师,21,0,0,0,否,
心兰如慧,beauty-wish,https://www.zhihu.com/people/beauty-wish,跨境电商,24,142,0,0,否,
azqz,azqz,https://www.zhihu.com/people/azqz,真水无香,39,43,0,2,⚠️ 是 (频繁攻击),[answer] 进了个股票群，这些都是骗子吗？: 进了个股票群，这些都是骗子吗？ 百分之百骗子 | 群，这些都是骗子吗？ 百分之百骗子 || [answer] 怎么评价今日学堂？: 有色。千万要小心，千万不要上当受骗！！！。
没事儿闲逛逛,qie-ting-feng-yin-31-40-36,https://www.zhihu.com/people/qie-ting-feng-yin-31-40-36,,0,0,0,0,否,
缘来,23-72-20-62,https://www.zhihu.com/people/23-72-20-62,愿天下学子有明师指路，父母之邦有佳弟子！,686,179,1,1,否,[pin] 想法_1768977270838816768: 实与心平气和 # # 知三当三害人 # # 心胜：心胜则兴·心败
白冰,wan-ke-89,https://www.zhihu.com/people/wan-ke-89,南昌恰噶！,48,28,0,3,⚠️ 是 (频繁攻击),[answer] 如何看待 2025 年 9 月 4 日 A 股市场行情？: 就自生自灭，搞得所谓“牛市”，害人不浅。 || [answer] 希望各位朋友的出个主意吧，管虎导演的金刚川做了两个月群演一分工资也没发。心里难受？: 也没发。心里难受？ 兄弟，这么坑爹的吗？同情你的遭遇，希望可以通 || [answer] 希望各位朋友的出个主意吧，管虎导演的金刚川做了两个月群演一分工资也没发。心里难受？: 也没发。心里难受？ 兄弟，这么坑爹的吗？同情你的遭遇，希望可以通
宁静,5-81-82-2,https://www.zhihu.com/people/5-81-82-2,,478,14,20,14,⚠️ 是 (频繁攻击),[answer] 新教育的XZ国际部怎么样啊？: 经历了20年，发现新教育就是传销，以画大饼为诱饵，吸引了不少资 || [answer] 今日学堂 明德女塾是什么情况？靠谱吗？: 加中国研究生统一考试的，完全是忽悠大众。之前说的三年要考到哈佛， | 肆宣扬，完全不是正规比赛。只能忽悠一下他的信众。 || [answer] 怎么评价今日学堂？: 加中国研究生统一考试的，完全是忽悠大众。之前说的三年要考到哈佛， | 肆宣扬，完全不是正规比赛。只能忽悠一下他的信众。他的弟弟相信他， || [article] 豆包眼中的张桂梅老师和张清一教主: 的做教育，谁只是打着教育的晃子敛财，大家还不一目了然吗！！！ || [article] 卖大饼了，新鲜出炉的老张大饼！: t，完全是断章取义，混肴视听，忽悠清粉。 另一点伊顿公学每年有7
卢嘉仪,jun-jun-91-63-89,https://www.zhihu.com/people/jun-jun-91-63-89,人性,78,180,22,12,⚠️ 是 (频繁攻击),[answer] 怎么克服自己那该死的责任心？: 那可能不是责任心，很可能只是被洗脑的牛马。如果勤快能成功，最苦最 || [answer] 为什么父母为你付出很多，但是你仍然缺爱？心理学里，什么是缺爱？: 么尊重自己和别人。但潜意识不会骗人，你的状态是最真实的。如果你不 || [answer] 因女方家族有精神疾病，父母不同意结婚，该怎么办？可以详细分析一下精神分裂症的遗传几率吗？: ！别没思考清楚就冲动结婚，最终害人害己。其实你跟谁结婚都是要深思 || [answer] 因女方家族有精神疾病，父母不同意结婚，该怎么办？可以详细分析一下精神分裂症的遗传几率吗？: ！别没思考清楚就冲动结婚，最终害人害己。其实你跟谁结婚都是要深思 || [answer] 成年的女儿，经常被父亲家暴，选择远离后，又被亲戚指责，我该怎么办?: 被打了找他们要医药费去，别全是嘴炮，装做好心人，实际行动一点都没
聪明的笨笨,cong-ming-de-ben-ben-47,https://www.zhihu.com/people/cong-ming-de-ben-ben-47,,0,0,0,0,否,
所谓高人皆为凡人,charly-53-8,https://www.zhihu.com/people/charly-53-8,所谓捷径，要么骗局，要么非法；骗自己可笑，骗他人可耻,200,1,15,19,⚠️ 是 (频繁攻击),[article] 重温毕淑敏的《红处方》，论毒品的三种形态及其危害~远离隐蔽的精神毒品，于国于民于己它有毒: 奖赏系统。首先，邪教利用重复性洗脑和环境控制影响大脑神经可塑性， | 逃避学习和工作的年轻人；而投奔邪教精神毒品的绝大多是社会的失败者 | 愈、精神抚慰，对他们而言只有在邪教里才能找到心灵导师治愈自己家庭 || [article] 简单说说平台和个人: 的，带不来人员长期的成长。 由骗子掌舵，充斥着骗子、傻子或疯子的 | 期的成长。 由骗子掌舵，充斥着骗子、傻子或疯子的平台只会逆淘汰有 | 自己是个傻子，要么自己也是一个骗子或疯子。 对于个人没啥价值的平 || [article] 貌相、脾气、学识不是区别骗子的重点，行为和结果才是: 貌相、脾气、学识不是区别骗子的重点，行为和结果才是 旁氏在 || [article] AI梳理的对知乎上问题“说说，你在清一新教育或者是今日学堂的成长?”下回答的人群画像和分析: ​：00后学员用退学投票，宣告洗脑话术对Z世代失效。 ​ ​终极 || [pin] 想法_2033106791110791259: 91259 在体系内被大师反复洗脑进正规学校就是吸毒，就是吃屎，
九尾小七,94-30-61-28,https://www.zhihu.com/people/94-30-61-28,,3,0,0,0,否,
刘晓红,she-de-wu-wei-zhou,https://www.zhihu.com/people/she-de-wu-wei-zhou,,18,0,7,2,⚠️ 是 (频繁攻击),[pin] 想法_2056111829097648581: 的付出，捍卫家园，决不会让垃圾骗子得逞！！！ || [pin] 想法_2016233483052271139: 中华传武了！的确过去有很多传武骗子，但也有人，在全国和世界的擂台
恋恋,lian-lian-43-53,https://www.zhihu.com/people/lian-lian-43-53,,7,1,0,1,否,[answer] 请问有人了解，张清一和今日学堂吗，怎么样？: 学校都躲在山旮瘩里面，整天秀些花拳绣腿，最可恶的是给人洗脑，一些观念 | 天秀些花拳绣腿，最可恶的是给人洗脑，一些观念反智反社会，劝大家千 | 一些观念反智反社会，劝大家千万别上当
彷徨,pang-huang-31,https://www.zhihu.com/people/pang-huang-31,,4,1,0,0,否,
玉米,86-81-58-53-17,https://www.zhihu.com/people/86-81-58-53-17,,0,0,0,0,否,
lingling,lingling-88-43,https://www.zhihu.com/people/lingling-88-43,,1,0,0,0,否,
宋兵乙,song-bing-yi-63,https://www.zhihu.com/people/song-bing-yi-63,知识产权管理,41,172,0,2,⚠️ 是 (频繁攻击),[answer] 中国传统武术是因为传承问题如今不注重实战，还是打根起就不注重实战?: 傅也不知道，关键诀窍也许在某个套路里，但不知道是哪个，针对的是哪 || [answer] 据我所知很多“国术大湿”对这套拳谱根本闻所未闻，他们有什么资格自称练得是“传统武术”？: 7） 小点：那么能不能理解为，套路中的每个定势都能当桩站 医盲先 | 医盲先生：差不多。但不是啥子套路都有这个功能的。看看拳经32式
浮萍,hu-zhi-xiong-29,https://www.zhihu.com/people/hu-zhi-xiong-29,软件工程师,20,6,0,0,否,
不明真相的群众,bu-ming-zhen-xiang-de-qun-zhong-53,https://www.zhihu.com/people/bu-ming-zhen-xiang-de-qun-zhong-53,,3,0,0,0,否,
冠军班 刘轩彤,momo-61-81-77,https://www.zhihu.com/people/momo-61-81-77,见到了,40,0,14,4,⚠️ 是 (频繁攻击),[article] 这几日的感想、收获: ，跟自己的同学打的话，不知道能不能打赢。不是说我跟外人打就觉得自己 | 己人的事情。 刘轩宁也说“你能不能打外人这件事不是你能决定的，是老 || [article] 7.26汉尼拔文学课 课程收获: 候就会这样，比如跟盒饭哥，他们吹牛说办个赛事多少多少钱，然后山长 || [article] 7.22日记（准点版！！！）: 全属于是睡觉送枕头的行为…，能不能打到对方纯靠几率。完全没有观察对 || [article] 7.14（迟来版…）: ，而是通过这一次机会，体验到站上擂台是什么感觉，真的实战是什么感觉
朵朵,duo-duo-52-41-84,https://www.zhihu.com/people/duo-duo-52-41-84,,0,0,0,0,否,
文成武德张,93-55-89-13,https://www.zhihu.com/people/93-55-89-13,,142,15,18,14,⚠️ 是 (频繁攻击),[answer] 接受张清一先生免费供养的学生们，你拿什么来回馈恩人？请在此处留贴，说说你收获的喜悦和成长？: 适用于清一和明慧（化名）夫妇，套路和话术相似，所以能惺惺相惜。你 || [answer] 怎样评价清一邪教？: 怎样评价清一邪教？ 一个声称办教育的人，是一个 || [answer] 为什么中国有很多家庭父母与子女关系最后都成为了彼此的仇人呢？: 看不下去了，比如用教育慈善名义骗钱。 || [article] 张清一队员拳赛成绩能否说明“清一公社”合法性？: 质、无证开展义务教育阶段教学的非法办学机构。 无工商注册 ：有回答指 || [article] 信念，错在改变，重在养成: 的“信念”，当他认为“信念都是骗人的”，你数年教诲是不是功亏一篑
茅箴,mao-zhen-21,https://www.zhihu.com/people/mao-zhen-21,新教育打假，嬉笑怒骂、皆成文章。,190,54,106,40,⚠️ 是 (频繁攻击),"[answer] 有听过教育骗子这个概念吗？: 有听过教育骗子这个概念吗？ || [article] 清一的""诚敬恕""：挂在大门上的三块匾，全用来挡耳光: 。 诚：假话全不说，真话只挑能骗人的说 山长解""诚""有一句名言： | 标签，说你""奴级思维""""被体制洗脑""。病人对医生诚，医生转头把病 | 听着像智者，翻译过来就是——我忽悠你的时候，保证每个字都真，但连 || [article] 为什么张清一不敢看不敢讲周处除三害？: 进“净土”。 电影把这套“自我神化+封闭场域+财务奉献”的闭环拍 | 是怕定错性，被截屏拿去当“自认邪教”的证据； - 不讲，是因为《 | TE模型拍成了直观血腥版，而反邪教系统和公安系统现在就用这部片给 || [article] 清一大学“常春藤”谎言：一场用数据粉饰的招生诈骗: 藤”谎言：一场用数据粉饰的招生诈骗 清一大学最核心的卖点，是“常 | 不过是一场用虚假承诺包装的招生诈骗。那些被“藤校光环”吸引的家长 | ，它用“阶层跨越”来包装“教育诈骗”，声称“东南亚是未来的发展重 || [article] 哪里才是儿童地狱: 哪里才是儿童地狱 该邪教一贯的制造焦虑的手段。接下来看 | 的制造焦虑的手段。接下来看看该邪教是如何做的。"
奔跑的蜗牛,6-93-61-85-36,https://www.zhihu.com/people/6-93-61-85-36,,13,1,2,2,⚠️ 是 (频繁攻击),[answer] 把新教育学堂当成夏令营，体验一两年行不？: 玄学也没真东西教授，还要小心被洗脑，精神控制，出来怕是要废了！ || [article] 别被诡辩话术绕晕: 易被绕进去，在这里梳理一下常见套路。 1、将合规、管理问题，归为 | 方案包装成稳妥退路，对普通家庭误导性很强。 4、污名化提出质疑的
稀有人类,xi-you-ren-lei-21,https://www.zhihu.com/people/xi-you-ren-lei-21,现在真是不反中不知乎啊，何尝不是一种zzzq,53,5,0,0,否,
宝石,bao-shi-7-53,https://www.zhihu.com/people/bao-shi-7-53,,187,15,23,34,⚠️ 是 (频繁攻击),[answer] 如何评价清一大学？: 如何评价清一大学？ 邪教发源地，大邪师DPD，毕业之后 || [answer] 官方通报传销头目出狱办书院，涉事书院被关停、3人被刑拘，还有其他违法犯罪线索被发现，哪些信息值得关注？: 官方通报传销头目出狱办书院，涉事书院被关停 | 们的心灵，掏空家庭等荷包，肆意敛财，请有关部门关注，救救这些孩子 | 费和家长们的时间去做义工，实则毒害孩子们的心灵，掏空家庭等荷包， || [answer] 匪夷所思！11岁男孩交万元学费搬砖，背后的真相居然·····是世界疯了，还是我不正常了？: 啥？除了张清一儿子拿了他爹疯狂敛财的钱安全的走了，其他学生哪个得 || [answer] 怎样评价清一邪教？: 世间生活，何谈自由自在？只能是自嗨！孩子是一个家庭家族的命脉和未 | 怎样评价清一邪教？ 教育披上宗教，费钱费人，小 | 金三角地带不能翻身，这就是清一邪教的目的和意义，了解和研究清一的 || [answer] 说说清一新教育带给你不可磨灭的身心创伤，给你家庭带来的巨大损失?: 子在一个相对封闭的圈子里，一直自嗨以为新教育里所有的伙伴包括自己
羽裂蓑衣,5-93-44-7,https://www.zhihu.com/people/5-93-44-7,,1,1,0,1,否,[answer] 清一大学究竟是一所什么样的大学？: 记，竟然有和神对话的课，感觉像邪教
逸尘,yi-chen-77-92-10,https://www.zhihu.com/people/yi-chen-77-92-10,,422,80,1,9,⚠️ 是 (频繁攻击),[answer] 常年练武侠影视里的武术功夫的，在实战中能打赢练散打、跆拳道、军式格斗的吗？: 森这个级别的训练营，我却一个也打不过……任何的格斗体系，原本没有高 || [answer] 中国第一块世运会泰拳金牌获得者刘晓慧，自称是靠传武太极功夫才赢的，这是真的吗？: 就变成了只练了四年的人了呢？不吹牛有这嘛的难吗？并且，她练的拳， || [article] 正本清源，剥离假大师伪专家，捍卫传统文化纯洁性: 正本清源，剥离假大师伪专家，捍卫传统文化纯洁性 1 || [pin] 想法_2069246921538004579: 蛋了，还需要走两招了吗？别听他吹牛逼叫啥传武实战第一人了，自欺欺人 || [pin] 想法_2066923885342332822: 张无情揭露的所有努力都斥之为：嘴炮……嘴炮这个词，不正是老张吹嘘 | 露的所有努力都斥之为：嘴炮……嘴炮这个词，不正是老张吹嘘自己武力 | 自己武力值高时候说别的武者都是嘴炮的口头禅吗？
